"time";"fahrgeschwindigkeit"
"2010-08-20T12:42:55";
"2010-08-20T12:43:10";
"2010-08-20T12:43:25";2.871
"2010-08-20T12:43:40";2.654
"2010-08-20T12:43:55";3.06
"2010-08-20T12:44:10";9.074
"2010-08-20T12:44:25";10.075999999999999
"2010-08-20T12:44:40";5.146
"2010-08-20T12:44:55";6.473999999999999
"2010-08-20T12:45:10";5.851
"2010-08-20T12:45:25";10.103
"2010-08-20T12:45:40";19.963
"2010-08-20T12:45:55";19.584
"2010-08-20T12:46:10";18.744
"2010-08-20T12:46:25";19.665
"2010-08-20T12:46:40";17.932
"2010-08-20T12:46:55";18.852999999999998
"2010-08-20T12:47:10";12.568
"2010-08-20T12:47:25";11.267999999999999
"2010-08-20T12:47:40";10.591
"2010-08-20T12:47:55";10.319999999999999
"2010-08-20T12:48:10";10.617999999999999
"2010-08-20T12:48:25";7.204999999999999
"2010-08-20T12:48:40";13.652
"2010-08-20T12:48:55";19.747
"2010-08-20T12:49:10";17.553
"2010-08-20T12:49:25";16.686
"2010-08-20T12:49:40";16.659
"2010-08-20T12:49:55";21.101
"2010-08-20T12:50:10";20.017999999999997
"2010-08-20T12:50:25";16.659
"2010-08-20T12:50:40";17.715
"2010-08-20T12:50:55";15.629
"2010-08-20T12:51:10";17.932
"2010-08-20T12:51:25";14.573
"2010-08-20T12:51:40";18.203
"2010-08-20T12:51:55";16.767
"2010-08-20T12:52:10";18.012999999999998
"2010-08-20T12:52:25";17.932
"2010-08-20T12:52:40";17.741999999999997
"2010-08-20T12:52:55";18.176000000000002
"2010-08-20T12:53:10";18.311
"2010-08-20T12:53:25";17.878
"2010-08-20T12:53:40";14.654
"2010-08-20T12:53:55";14.978999999999997
"2010-08-20T12:54:10";19.177999999999997
"2010-08-20T12:54:25";17.255
"2010-08-20T12:54:40";17.092
"2010-08-20T12:54:55";16.820999999999998
"2010-08-20T12:55:10";18.203
"2010-08-20T12:55:25";19.367
"2010-08-20T12:55:40";16.984
"2010-08-20T12:55:55";17.173
"2010-08-20T12:56:10";15.087999999999997
"2010-08-20T12:56:25";12.514
"2010-08-20T12:56:40";12.703999999999999
"2010-08-20T12:56:55";11.62
"2010-08-20T12:57:10";14.139
"2010-08-20T12:57:25";12.838999999999999
"2010-08-20T12:57:40";12.92
"2010-08-20T12:57:55";13.164
"2010-08-20T12:58:10";13.354
"2010-08-20T12:58:25";9.886999999999999
"2010-08-20T12:58:40";11.322000000000001
"2010-08-20T12:58:55";20.559
"2010-08-20T12:59:10";20.424
"2010-08-20T12:59:25";19.503
"2010-08-20T12:59:40";17.064999999999998
"2010-08-20T12:59:55";17.389999999999997
"2010-08-20T13:00:10";11.159999999999998
"2010-08-20T13:00:25";9.181999999999999
"2010-08-20T13:00:40";19.259
"2010-08-20T13:00:55";14.626999999999999
"2010-08-20T13:01:10";19.313
"2010-08-20T13:01:25";14.220999999999998
"2010-08-20T13:01:40";17.553
"2010-08-20T13:01:55";18.825999999999997
"2010-08-20T13:02:10";11.376
"2010-08-20T13:02:25";11.348999999999998
"2010-08-20T13:02:40";11.376
"2010-08-20T13:02:55";16.984
"2010-08-20T13:03:10";17.607
"2010-08-20T13:03:25";13.488999999999999
"2010-08-20T13:03:40";13.245999999999999
"2010-08-20T13:03:55";20.017999999999997
"2010-08-20T13:04:10";16.522999999999996
"2010-08-20T13:04:25";12.540999999999999
"2010-08-20T13:04:40";8.722
"2010-08-20T13:04:55";
"2010-08-20T13:05:10";
"2010-08-20T13:05:25";
"2010-08-20T13:05:40";
"2010-08-20T13:05:55";
"2010-08-20T13:06:10";
"2010-08-20T13:06:25";
"2010-08-20T13:06:40";9.02
"2010-08-20T13:06:55";1.029
"2010-08-20T13:07:10";
"2010-08-20T13:07:25";2.004
"2010-08-20T13:07:40";
"2010-08-20T13:07:55";3.304
"2010-08-20T13:08:10";
"2010-08-20T13:08:25";
"2010-08-20T13:08:40";
"2010-08-20T13:08:55";
"2010-08-20T13:09:10";
"2010-08-20T13:09:25";
"2010-08-20T13:09:40";
"2010-08-20T13:09:55";
"2010-08-20T13:10:10";
"2010-08-20T13:10:25";
"2010-08-20T13:10:40";
"2010-08-20T13:10:55";
"2010-08-20T13:11:10";
"2010-08-20T13:11:25";
"2010-08-20T13:11:40";
"2010-08-20T13:11:55";
"2010-08-20T13:12:10";
"2010-08-20T13:12:25";
"2010-08-20T13:12:40";
"2010-08-20T13:12:55";
"2010-08-20T13:13:10";
"2010-08-20T13:13:25";
"2010-08-20T13:13:40";2.7899999999999996
"2010-08-20T13:13:55";9.86
"2010-08-20T13:14:10";8.883999999999999
"2010-08-20T13:14:25";8.585999999999999
"2010-08-20T13:14:40";14.111999999999998
"2010-08-20T13:14:55";9.074
"2010-08-20T13:15:10";5.037999999999999
"2010-08-20T13:15:25";3.115
"2010-08-20T13:15:40";4.0360000000000005
"2010-08-20T13:15:55";4.821
"2010-08-20T13:16:10";4.739999999999999
"2010-08-20T13:16:25";4.957
"2010-08-20T13:16:40";4.848
"2010-08-20T13:16:55";4.984
"2010-08-20T13:17:10";4.632
"2010-08-20T13:17:25";4.7669999999999995
"2010-08-20T13:17:40";4.848
"2010-08-20T13:17:55";4.821
"2010-08-20T13:18:10";5.037999999999999
"2010-08-20T13:18:25";4.901999999999999
"2010-08-20T13:18:40";4.848
"2010-08-20T13:18:55";5.037999999999999
"2010-08-20T13:19:10";5.146
"2010-08-20T13:19:25";4.957
"2010-08-20T13:19:40";5.146
"2010-08-20T13:19:55";5.39
"2010-08-20T13:20:10";5.363
"2010-08-20T13:20:25";5.335999999999999
"2010-08-20T13:20:40";5.308999999999999
"2010-08-20T13:20:55";5.308999999999999
"2010-08-20T13:21:10";5.226999999999999
"2010-08-20T13:21:25";4.0089999999999995
"2010-08-20T13:21:40";4.143999999999999
"2010-08-20T13:21:55";5.0649999999999995
"2010-08-20T13:22:10";4.632
"2010-08-20T13:22:25";4.117
"2010-08-20T13:22:40";4.523
"2010-08-20T13:22:55";2.1119999999999997
"2010-08-20T13:23:10";4.415
"2010-08-20T13:23:25";4.875
"2010-08-20T13:23:40";3.9269999999999996
"2010-08-20T13:23:55";4.604
"2010-08-20T13:24:10";4.604
"2010-08-20T13:24:25";3.06
"2010-08-20T13:24:40";3.792
"2010-08-20T13:24:55";3.8999999999999995
"2010-08-20T13:25:10";4.334
"2010-08-20T13:25:25";4.1979999999999995
"2010-08-20T13:25:40";4.55
"2010-08-20T13:25:55";2.4099999999999997
"2010-08-20T13:26:10";5.255
"2010-08-20T13:26:25";4.659
"2010-08-20T13:26:40";4.848
"2010-08-20T13:26:55";4.252
"2010-08-20T13:27:10";3.819
"2010-08-20T13:27:25";4.901999999999999
"2010-08-20T13:27:40";5.119
"2010-08-20T13:27:55";2.9789999999999996
"2010-08-20T13:28:10";5.255
"2010-08-20T13:28:25";5.226999999999999
"2010-08-20T13:28:40";5.417
"2010-08-20T13:28:55";5.444
"2010-08-20T13:29:10";5.579999999999999
"2010-08-20T13:29:25";5.579999999999999
"2010-08-20T13:29:40";5.6339999999999995
"2010-08-20T13:29:55";5.6610000000000005
"2010-08-20T13:30:10";5.579999999999999
"2010-08-20T13:30:25";5.199999999999999
"2010-08-20T13:30:40";4.848
"2010-08-20T13:30:55";5.255
"2010-08-20T13:31:10";5.335999999999999
"2010-08-20T13:31:25";5.417
"2010-08-20T13:31:40";4.875
"2010-08-20T13:31:55";4.523
"2010-08-20T13:32:10";2.925
"2010-08-20T13:32:25";4.170999999999999
"2010-08-20T13:32:40";3.819
"2010-08-20T13:32:55";5.363
"2010-08-20T13:33:10";3.1959999999999997
"2010-08-20T13:33:25";3.6289999999999996
"2010-08-20T13:33:40";4.170999999999999
"2010-08-20T13:33:55";3.8459999999999996
"2010-08-20T13:34:10";5.851
"2010-08-20T13:34:25";3.8999999999999995
"2010-08-20T13:34:40";4.1979999999999995
"2010-08-20T13:34:55";3.954
"2010-08-20T13:35:10";4.468999999999999
"2010-08-20T13:35:25";4.388
"2010-08-20T13:35:40";4.415
"2010-08-20T13:35:55";5.795999999999999
"2010-08-20T13:36:10";
"2010-08-20T13:36:25";5.497999999999999
"2010-08-20T13:36:40";1.5439999999999998
"2010-08-20T13:36:55";4.143999999999999
"2010-08-20T13:37:10";4.0360000000000005
"2010-08-20T13:37:25";0.704
"2010-08-20T13:37:40";6.9879999999999995
"2010-08-20T13:37:55";
"2010-08-20T13:38:10";7.665
"2010-08-20T13:38:25";1.516
"2010-08-20T13:38:40";0.5680000000000001
"2010-08-20T13:38:55";
"2010-08-20T13:39:10";
"2010-08-20T13:39:25";
"2010-08-20T13:39:40";
"2010-08-20T13:39:55";
"2010-08-20T13:40:10";0.5680000000000001
"2010-08-20T13:40:25";9.777999999999999
"2010-08-20T13:40:40";14.817
"2010-08-20T13:40:55";6.093999999999999
"2010-08-20T13:41:10";4.93
"2010-08-20T13:41:25";4.957
"2010-08-20T13:41:40";4.984
"2010-08-20T13:41:55";4.7669999999999995
"2010-08-20T13:42:10";4.875
"2010-08-20T13:42:25";4.7669999999999995
"2010-08-20T13:42:40";4.821
"2010-08-20T13:42:55";4.901999999999999
"2010-08-20T13:43:10";4.93
"2010-08-20T13:43:25";5.037999999999999
"2010-08-20T13:43:40";5.092
"2010-08-20T13:43:55";5.146
"2010-08-20T13:44:10";5.363
"2010-08-20T13:44:25";5.308999999999999
"2010-08-20T13:44:40";5.553
"2010-08-20T13:44:55";5.5249999999999995
"2010-08-20T13:45:10";5.335999999999999
"2010-08-20T13:45:25";5.5249999999999995
"2010-08-20T13:45:40";5.553
"2010-08-20T13:45:55";5.471
"2010-08-20T13:46:10";5.335999999999999
"2010-08-20T13:46:25";5.497999999999999
"2010-08-20T13:46:40";5.471
"2010-08-20T13:46:55";5.553
"2010-08-20T13:47:10";5.553
"2010-08-20T13:47:25";5.497999999999999
"2010-08-20T13:47:40";5.579999999999999
"2010-08-20T13:47:55";5.5249999999999995
"2010-08-20T13:48:10";5.444
"2010-08-20T13:48:25";5.553
"2010-08-20T13:48:40";4.7940000000000005
"2010-08-20T13:48:55";4.93
"2010-08-20T13:49:10";5.471
"2010-08-20T13:49:25";5.8229999999999995
"2010-08-20T13:49:40";5.768999999999999
"2010-08-20T13:49:55";5.688
"2010-08-20T13:50:10";5.768999999999999
"2010-08-20T13:50:25";5.795999999999999
"2010-08-20T13:50:40";5.8229999999999995
"2010-08-20T13:50:55";4.821
"2010-08-20T13:51:10";3.8459999999999996
"2010-08-20T13:51:25";4.984
"2010-08-20T13:51:40";
"2010-08-20T13:51:55";7.151
"2010-08-20T13:52:10";5.146
"2010-08-20T13:52:25";5.363
"2010-08-20T13:52:40";4.09
"2010-08-20T13:52:55";2.465
"2010-08-20T13:53:10";1.1099999999999999
"2010-08-20T13:53:25";2.8979999999999997
"2010-08-20T13:53:40";4.063
"2010-08-20T13:53:55";3.9269999999999996
"2010-08-20T13:54:10";3.954
"2010-08-20T13:54:25";4.1979999999999995
"2010-08-20T13:54:40";3.954
"2010-08-20T13:54:55";4.334
"2010-08-20T13:55:10";4.739999999999999
"2010-08-20T13:55:25";3.006
"2010-08-20T13:55:40";3.954
"2010-08-20T13:55:55";4.4959999999999996
"2010-08-20T13:56:10";4.984
"2010-08-20T13:56:25";4.632
"2010-08-20T13:56:40";4.875
"2010-08-20T13:56:55";4.7940000000000005
"2010-08-20T13:57:10";4.93
"2010-08-20T13:57:25";8.152999999999999
"2010-08-20T13:57:40";10.726
"2010-08-20T13:57:55";
"2010-08-20T13:58:10";2.546
"2010-08-20T13:58:25";0.6769999999999999
"2010-08-20T13:58:40";
"2010-08-20T13:58:55";
"2010-08-20T13:59:10";
"2010-08-20T13:59:25";
"2010-08-20T13:59:40";
"2010-08-20T13:59:55";
"2010-08-20T14:00:10";8.424
"2010-08-20T14:00:25";
"2010-08-20T14:00:40";
"2010-08-20T14:00:55";
"2010-08-20T14:01:10";4.93
"2010-08-20T14:01:25";15.304
"2010-08-20T14:01:40";12.623
"2010-08-20T14:01:55";3.0879999999999996
"2010-08-20T14:02:10";4.848
"2010-08-20T14:02:25";5.417
"2010-08-20T14:02:40";5.471
"2010-08-20T14:02:55";5.471
"2010-08-20T14:03:10";5.497999999999999
"2010-08-20T14:03:25";4.604
"2010-08-20T14:03:40";3.0879999999999996
"2010-08-20T14:03:55";7.502999999999999
"2010-08-20T14:04:10";4.7669999999999995
"2010-08-20T14:04:25";4.604
"2010-08-20T14:04:40";4.4959999999999996
"2010-08-20T14:04:55";4.713
"2010-08-20T14:05:10";5.146
"2010-08-20T14:05:25";5.497999999999999
"2010-08-20T14:05:40";5.471
"2010-08-20T14:05:55";5.444
"2010-08-20T14:06:10";12.351999999999999
"2010-08-20T14:06:25";5.226999999999999
"2010-08-20T14:06:40";3.792
"2010-08-20T14:06:55";5.444
"2010-08-20T14:07:10";5.471
"2010-08-20T14:07:25";5.39
"2010-08-20T14:07:40";3.738
"2010-08-20T14:07:55";15.494
"2010-08-20T14:08:10";12.242999999999999
"2010-08-20T14:08:25";4.0360000000000005
"2010-08-20T14:08:40";5.282
"2010-08-20T14:08:55";5.335999999999999
"2010-08-20T14:09:10";5.579999999999999
"2010-08-20T14:09:25";5.497999999999999
"2010-08-20T14:09:40";5.5249999999999995
"2010-08-20T14:09:55";5.497999999999999
"2010-08-20T14:10:10";5.579999999999999
"2010-08-20T14:10:25";5.497999999999999
"2010-08-20T14:10:40";5.579999999999999
"2010-08-20T14:10:55";14.004
"2010-08-20T14:11:10";14.898
"2010-08-20T14:11:25";6.582
"2010-08-20T14:11:40";5.444
"2010-08-20T14:11:55";5.471
"2010-08-20T14:12:10";4.334
"2010-08-20T14:12:25";
"2010-08-20T14:12:40";
"2010-08-20T14:12:55";
"2010-08-20T14:13:10";10.915999999999999
"2010-08-20T14:13:25";6.446
"2010-08-20T14:13:40";13.571
"2010-08-20T14:13:55";14.978999999999997
"2010-08-20T14:14:10";15.195999999999998
"2010-08-20T14:14:25";14.546
"2010-08-20T14:14:40";11.891
"2010-08-20T14:14:55";4.93
"2010-08-20T14:15:10";5.173
"2010-08-20T14:15:25";5.606999999999999
"2010-08-20T14:15:40";5.497999999999999
"2010-08-20T14:15:55";5.39
"2010-08-20T14:16:10";5.471
"2010-08-20T14:16:25";5.444
"2010-08-20T14:16:40";5.5249999999999995
"2010-08-20T14:16:55";5.471
"2010-08-20T14:17:10";5.5249999999999995
"2010-08-20T14:17:25";5.497999999999999
"2010-08-20T14:17:40";4.523
"2010-08-20T14:32:53";6.202999999999999
"2010-08-20T14:33:08";6.473999999999999
"2010-08-20T14:33:23";6.555
"2010-08-20T14:33:38";5.851
"2010-08-20T14:33:53";5.795999999999999
"2010-08-20T14:34:08";5.877999999999999
"2010-08-20T14:34:23";6.528
"2010-08-20T14:34:38";6.960999999999999
"2010-08-20T14:34:53";6.662999999999999
"2010-08-20T14:35:08";6.799
"2010-08-20T14:35:23";6.88
"2010-08-20T14:35:38";7.042
"2010-08-20T14:35:53";6.257
"2010-08-20T14:36:08";14.978999999999997
"2010-08-20T14:36:23";12.514
"2010-08-20T14:36:38";5.986
"2010-08-20T14:36:53";6.148
"2010-08-20T14:37:08";6.148
"2010-08-20T14:37:23";6.202999999999999
"2010-08-20T14:37:38";6.582
"2010-08-20T14:37:53";6.446
"2010-08-20T14:38:08";6.528
"2010-08-20T14:38:23";6.662999999999999
"2010-08-20T14:38:38";4.4959999999999996
"2010-08-20T14:38:53";14.843999999999998
"2010-08-20T14:39:08";6.419
"2010-08-20T14:39:23";4.848
"2010-08-20T14:39:38";5.417
"2010-08-20T14:39:53";5.715
"2010-08-20T14:40:08";5.226999999999999
"2010-08-20T14:40:23";5.688
"2010-08-20T14:40:38";5.8229999999999995
"2010-08-20T14:40:53";5.904999999999999
"2010-08-20T14:41:08";5.363
"2010-08-20T14:41:23";5.0649999999999995
"2010-08-20T14:41:38";5.606999999999999
"2010-08-20T14:41:53";5.579999999999999
"2010-08-20T14:42:08";10.455
"2010-08-20T14:42:23";11.702
"2010-08-20T14:42:38";6.284
"2010-08-20T14:42:53";6.364999999999999
"2010-08-20T14:43:08";6.528
"2010-08-20T14:43:23";6.662999999999999
"2010-08-20T14:43:38";6.257
"2010-08-20T14:43:53";6.311
"2010-08-20T14:44:08";6.257
"2010-08-20T14:44:23";5.8229999999999995
"2010-08-20T14:44:38";5.9319999999999995
"2010-08-20T14:44:53";6.1209999999999996
"2010-08-20T14:45:08";6.066999999999999
"2010-08-20T14:45:23";5.959
"2010-08-20T14:45:38";6.013
"2010-08-20T14:45:53";6.148
"2010-08-20T14:46:08";6.446
"2010-08-20T14:46:23";6.528
"2010-08-20T14:46:38";6.662999999999999
"2010-08-20T14:46:53";6.744
"2010-08-20T14:47:08";14.546
"2010-08-20T14:47:23";15.114999999999998
"2010-08-20T14:47:38";5.795999999999999
"2010-08-20T14:47:53";5.8229999999999995
"2010-08-20T14:48:08";6.284
"2010-08-20T14:48:23";6.3919999999999995
"2010-08-20T14:48:38";6.6899999999999995
"2010-08-20T14:48:53";6.88
"2010-08-20T14:49:08";6.960999999999999
"2010-08-20T14:49:23";6.9879999999999995
"2010-08-20T14:49:38";7.015
"2010-08-20T14:49:53";4.7669999999999995
"2010-08-20T14:50:08";15.169
"2010-08-20T14:50:23";14.978999999999997
"2010-08-20T14:50:38";6.364999999999999
"2010-08-20T14:50:53";7.178
"2010-08-20T14:51:08";7.34
"2010-08-20T14:51:23";7.286
"2010-08-20T14:51:38";7.2589999999999995
"2010-08-20T14:51:53";7.286
"2010-08-20T14:52:08";7.395
"2010-08-20T14:52:23";6.799
"2010-08-20T14:52:38";6.446
"2010-08-20T14:52:53";5.5249999999999995
"2010-08-20T14:53:08";4.659
"2010-08-20T14:53:23";5.417
"2010-08-20T14:53:38";7.069
"2010-08-20T14:53:53";5.606999999999999
"2010-08-20T14:54:08";5.742
"2010-08-20T14:54:23";5.9319999999999995
"2010-08-20T14:54:38";6.148
"2010-08-20T14:54:53";6.093999999999999
"2010-08-20T14:55:08";6.23
"2010-08-20T14:55:23";6.9879999999999995
"2010-08-20T14:55:38";6.906999999999999
"2010-08-20T14:55:53";7.015
"2010-08-20T14:56:08";5.444
"2010-08-20T14:56:23";6.906999999999999
"2010-08-20T14:56:38";6.853
"2010-08-20T14:56:53";7.232
"2010-08-20T14:57:08";14.708
"2010-08-20T14:57:23";6.257
"2010-08-20T14:57:38";6.582
"2010-08-20T14:57:53";6.717
"2010-08-20T14:58:08";6.799
"2010-08-20T14:58:23";6.744
"2010-08-20T14:58:38";6.799
"2010-08-20T14:58:53";6.960999999999999
"2010-08-20T14:59:08";7.0969999999999995
"2010-08-20T14:59:24";3.9269999999999996
"2010-08-20T14:59:39";15.304
"2010-08-20T14:59:54";5.444
"2010-08-20T15:00:09";
"2010-08-20T15:00:24";
"2010-08-20T15:00:39";
"2010-08-20T15:00:54";
"2010-08-20T15:01:09";
"2010-08-20T15:01:24";
"2010-08-20T15:01:39";
"2010-08-20T15:01:54";
"2010-08-20T15:02:09";
"2010-08-20T15:02:24";
"2010-08-20T15:02:39";
"2010-08-20T15:20:04";4.2250000000000005
"2010-08-20T15:20:19";4.686
"2010-08-20T15:20:34";4.632
"2010-08-20T15:20:49";4.739999999999999
"2010-08-20T15:21:04";4.4959999999999996
"2010-08-20T15:21:19";4.55
"2010-08-20T15:21:34";5.092
"2010-08-20T15:21:49";4.7669999999999995
"2010-08-20T15:22:04";4.659
"2010-08-20T15:22:19";5.335999999999999
"2010-08-20T15:22:34";4.468999999999999
"2010-08-20T15:22:49";6.311
"2010-08-20T15:23:04";5.119
"2010-08-20T15:23:19";4.848
"2010-08-20T15:23:34";5.5249999999999995
"2010-08-20T15:23:49";
"2010-08-20T15:24:04";12.892999999999999
"2010-08-20T15:24:19";5.282
"2010-08-20T15:24:34";5.335999999999999
"2010-08-20T15:24:49";5.363
"2010-08-20T15:25:04";5.768999999999999
"2010-08-20T15:25:19";6.013
"2010-08-20T15:25:34";5.471
"2010-08-20T15:25:49";5.0649999999999995
"2010-08-20T15:26:04";5.579999999999999
"2010-08-20T15:26:19";7.476
"2010-08-20T15:26:34";3.521
"2010-08-20T15:26:49";3.981
"2010-08-20T15:27:04";3.8459999999999996
"2010-08-20T15:27:19";3.033
"2010-08-20T15:27:34";3.142
"2010-08-20T15:27:49";4.7940000000000005
"2010-08-20T15:28:04";4.468999999999999
"2010-08-20T15:28:19";3.44
"2010-08-20T15:28:34";2.275
"2010-08-20T15:28:49";2.5189999999999997
"2010-08-20T15:29:04";3.981
"2010-08-20T15:29:19";4.0360000000000005
"2010-08-20T15:29:34";4.1979999999999995
"2010-08-20T15:29:49";4.7669999999999995
"2010-08-20T15:30:04";4.7940000000000005
"2010-08-20T15:30:19";4.361
"2010-08-20T15:30:34";5.037999999999999
"2010-08-20T15:30:49";3.06
"2010-08-20T15:31:04";5.6339999999999995
"2010-08-20T15:31:19";6.582
"2010-08-20T15:31:34";5.9319999999999995
"2010-08-20T15:31:49";5.6610000000000005
"2010-08-20T15:32:04";5.715
"2010-08-20T15:32:19";6.257
"2010-08-20T15:32:34";5.497999999999999
"2010-08-20T15:32:49";5.959
"2010-08-20T15:33:04";6.23
"2010-08-20T15:33:19";5.579999999999999
"2010-08-20T15:33:34";5.417
"2010-08-20T15:33:49";5.9319999999999995
"2010-08-20T15:34:04";6.066999999999999
"2010-08-20T15:34:19";6.093999999999999
"2010-08-20T15:34:34";6.473999999999999
"2010-08-20T15:34:49";6.473999999999999
"2010-08-20T15:35:04";6.337999999999999
"2010-08-20T15:35:19";6.3919999999999995
"2010-08-20T15:35:34";5.986
"2010-08-20T15:35:49";15.494
"2010-08-20T15:36:04";15.222999999999999
"2010-08-20T15:36:19";4.361
"2010-08-20T15:36:34";5.226999999999999
"2010-08-20T15:36:49";5.417
"2010-08-20T15:37:04";5.553
"2010-08-20T15:37:19";4.875
"2010-08-20T15:37:34";3.4939999999999998
"2010-08-20T15:37:49";5.119
"2010-08-20T15:38:04";5.335999999999999
"2010-08-20T15:38:19";5.959
"2010-08-20T15:38:34";11.837
"2010-08-20T15:38:49";5.444
"2010-08-20T15:39:04";5.037999999999999
"2010-08-20T15:39:19";4.279
"2010-08-20T15:39:34";5.363
"2010-08-20T15:39:49";5.553
"2010-08-20T15:40:04";5.715
"2010-08-20T15:40:19";5.5249999999999995
"2010-08-20T15:40:34";9.995
"2010-08-20T15:40:49";6.528
"2010-08-20T15:41:04";4.117
"2010-08-20T15:41:19";6.311
"2010-08-20T15:41:34";5.877999999999999
"2010-08-20T15:41:49";9.777999999999999
"2010-08-20T15:42:04";8.099
"2010-08-20T15:42:19";6.799
"2010-08-20T15:42:34";6.013
"2010-08-20T15:42:49";9.642999999999999
"2010-08-20T15:43:04";11.404
"2010-08-20T15:43:19";15.249999999999998
"2010-08-20T15:43:34";4.306
"2010-08-20T15:43:49";4.901999999999999
"2010-08-20T15:44:04";5.199999999999999
"2010-08-20T15:44:19";5.768999999999999
"2010-08-20T15:44:34";5.742
"2010-08-20T15:44:49";5.904999999999999
"2010-08-20T15:45:04";5.715
"2010-08-20T15:45:19";5.688
"2010-08-20T15:45:34";5.877999999999999
"2010-08-20T15:45:49";6.066999999999999
"2010-08-20T15:46:04";6.311
"2010-08-20T15:46:19";6.364999999999999
"2010-08-20T15:46:34";5.877999999999999
"2010-08-20T15:46:49";5.851
"2010-08-20T15:47:04";14.328999999999999
"2010-08-20T15:47:19";10.021999999999998
"2010-08-20T15:47:34";14.925
"2010-08-20T15:47:49";15.195999999999998
"2010-08-20T15:48:04";15.277
"2010-08-20T15:48:19";15.169
"2010-08-20T15:48:34";14.952
"2010-08-20T15:48:49";15.005999999999998
"2010-08-20T15:49:04";
"2010-08-20T15:49:19";
"2010-08-20T15:49:34";15.439999999999998
"2010-08-20T15:49:49";15.005999999999998
"2010-08-20T15:50:04";15.222999999999999
"2010-08-20T15:50:19";15.249999999999998
"2010-08-20T15:50:34";14.978999999999997
"2010-08-20T15:50:49";15.142
"2010-08-20T15:51:04";12.053999999999998
"2010-08-20T15:51:19";2.5189999999999997
"2010-08-20T15:51:34";
"2010-08-20T15:51:49";5.173
"2010-08-20T15:52:04";2.7079999999999997
"2010-08-20T15:52:19";2.654
"2010-08-20T15:52:34";2.5999999999999996
"2010-08-20T15:52:49";2.627
"2010-08-20T15:53:04";4.361
"2010-08-20T15:53:19";5.335999999999999
"2010-08-20T15:53:34";5.335999999999999
"2010-08-20T15:53:49";5.795999999999999
"2010-08-20T15:54:04";5.308999999999999
"2010-08-20T15:54:19";5.417
"2010-08-20T15:54:34";2.654
"2010-08-20T15:54:49";4.143999999999999
"2010-08-20T15:55:04";4.632
"2010-08-20T15:55:19";5.742
"2010-08-20T15:55:34";5.851
"2010-08-20T15:55:49";
"2010-08-20T15:56:04";0.8929999999999999
"2010-08-20T15:56:19";0.9199999999999999
"2010-08-20T15:56:34";
"2010-08-20T15:56:49";4.632
"2010-08-20T15:57:04";4.848
"2010-08-20T15:57:19";4.875
"2010-08-20T15:57:34";5.579999999999999
"2010-08-20T15:57:49";4.739999999999999
"2010-08-20T15:58:04";5.255
"2010-08-20T15:58:19";5.795999999999999
"2010-08-20T16:18:43";5.497999999999999
"2010-08-20T16:18:58";5.6339999999999995
"2010-08-20T16:19:13";5.255
"2010-08-20T16:19:28";4.7940000000000005
"2010-08-20T16:19:43";5.173
"2010-08-20T16:19:58";5.308999999999999
"2010-08-20T16:20:13";5.255
"2010-08-20T16:20:28";5.092
"2010-08-20T16:20:43";1.9499999999999997
"2010-08-20T16:20:58";3.331
"2010-08-20T16:21:13";2.437
"2010-08-20T16:21:28";3.792
"2010-08-20T16:21:43";5.579999999999999
"2010-08-20T16:21:58";5.904999999999999
"2010-08-20T16:22:13";5.986
"2010-08-20T16:22:28";6.066999999999999
"2010-08-20T16:22:43";11.62
"2010-08-20T16:22:58";8.83
"2010-08-20T16:23:13";4.415
"2010-08-20T16:23:28";5.255
"2010-08-20T16:23:43";5.6339999999999995
"2010-08-20T16:23:58";5.6610000000000005
"2010-08-20T16:24:13";5.8229999999999995
"2010-08-20T16:24:28";5.8229999999999995
"2010-08-20T16:24:43";5.8229999999999995
"2010-08-20T16:24:58";5.851
"2010-08-20T16:25:13";6.202999999999999
"2010-08-20T16:25:28";6.364999999999999
"2010-08-20T16:25:43";6.311
"2010-08-20T16:25:58";6.473999999999999
"2010-08-20T16:26:13";6.555
"2010-08-20T16:26:28";6.473999999999999
"2010-08-20T16:26:43";6.5009999999999994
"2010-08-20T16:26:58";6.528
"2010-08-20T16:27:13";6.337999999999999
"2010-08-20T16:27:28";5.742
"2010-08-20T16:27:43";6.066999999999999
"2010-08-20T16:27:58";4.7669999999999995
"2010-08-20T16:28:13";7.366999999999999
"2010-08-20T16:28:28";
"2010-08-20T16:28:43";1.1099999999999999
"2010-08-20T16:28:58";
"2010-08-20T16:29:13";
"2010-08-20T16:29:28";
"2010-08-20T16:29:43";
"2010-08-20T16:29:58";1.5439999999999998
"2010-08-20T16:30:13";
"2010-08-20T16:30:28";
"2010-08-20T16:30:43";
"2010-08-20T16:30:58";
"2010-08-20T16:31:13";
"2010-08-20T16:31:28";
"2010-08-20T16:31:43";
"2010-08-20T16:31:58";
"2010-08-20T16:32:13";
"2010-08-20T16:32:28";
"2010-08-20T16:32:43";
"2010-08-20T16:32:58";
"2010-08-20T16:33:13";
"2010-08-20T16:33:28";
"2010-08-20T16:33:43";
"2010-08-20T16:33:58";
"2010-08-20T16:34:13";
"2010-08-20T16:34:28";
"2010-08-20T16:34:43";
"2010-08-20T16:34:58";
"2010-08-20T16:35:13";
"2010-08-20T16:35:28";
"2010-08-20T16:35:43";
"2010-08-20T16:35:58";
"2010-08-20T16:36:13";
"2010-08-20T16:36:28";
"2010-08-20T16:36:43";
"2010-08-20T16:36:58";
"2010-08-20T16:37:13";
"2010-08-20T16:37:28";
"2010-08-20T16:37:43";
"2010-08-20T16:37:58";
"2010-08-20T16:38:13";
"2010-08-20T16:38:28";2.762
"2010-08-20T16:38:43";7.015
"2010-08-20T16:38:58";4.632
"2010-08-20T16:39:13";4.739999999999999
"2010-08-20T16:39:28";5.553
"2010-08-20T16:39:43";5.688
"2010-08-20T16:39:58";6.066999999999999
"2010-08-20T16:40:13";5.688
"2010-08-20T16:40:28";5.877999999999999
"2010-08-20T16:40:43";5.715
"2010-08-20T16:40:58";5.579999999999999
"2010-08-20T16:41:13";6.284
"2010-08-20T16:41:28";6.3919999999999995
"2010-08-20T16:41:43";6.175999999999999
"2010-08-20T16:41:58";9.264
"2010-08-20T16:42:13";12.677
"2010-08-20T16:42:28";4.279
"2010-08-20T16:42:43";
"2010-08-20T16:42:58";
"2010-08-20T16:43:13";
"2010-08-20T16:43:28";
"2010-08-20T16:43:43";
"2010-08-20T16:43:58";
"2010-08-20T16:44:13";
"2010-08-20T16:44:28";
"2010-08-20T16:44:43";
"2010-08-20T16:44:58";
"2010-08-20T16:45:13";
"2010-08-20T16:45:28";7.449
"2010-08-20T16:45:43";7.0969999999999995
"2010-08-20T16:45:58";3.792
"2010-08-20T16:46:13";4.1979999999999995
"2010-08-20T16:46:28";4.7669999999999995
"2010-08-20T16:46:43";3.25
"2010-08-20T16:46:58";4.55
"2010-08-20T16:47:13";4.901999999999999
"2010-08-20T16:47:28";4.93
"2010-08-20T16:47:43";5.39
"2010-08-20T16:47:58";5.226999999999999
"2010-08-20T16:48:13";5.282
"2010-08-20T16:48:28";5.363
"2010-08-20T16:48:43";5.335999999999999
"2010-08-20T16:48:58";5.282
"2010-08-20T16:49:13";5.363
"2010-08-20T16:49:28";5.553
"2010-08-20T16:49:43";5.553
"2010-08-20T16:49:58";5.553
"2010-08-20T16:50:13";5.6339999999999995
"2010-08-20T16:50:28";5.606999999999999
"2010-08-20T16:50:43";5.146
"2010-08-20T16:50:58";4.93
"2010-08-20T16:51:13";5.092
"2010-08-20T16:51:28";3.954
"2010-08-20T16:51:43";11.863999999999999
"2010-08-20T16:51:58";15.087999999999997
"2010-08-20T16:52:13";8.613
"2010-08-20T16:52:28";5.5249999999999995
"2010-08-20T16:52:43";2.681
"2010-08-20T16:52:58";4.279
"2010-08-20T16:53:13";3.6289999999999996
"2010-08-20T16:53:28";5.308999999999999
"2010-08-20T16:53:43";6.04
"2010-08-20T16:53:58";6.066999999999999
"2010-08-20T16:54:13";5.335999999999999
"2010-08-20T16:54:28";5.742
"2010-08-20T16:54:43";3.9269999999999996
"2010-08-20T16:54:58";1.4889999999999999
"2010-08-20T16:55:13";3.954
"2010-08-20T16:55:28";5.9319999999999995
"2010-08-20T16:55:43";6.093999999999999
"2010-08-20T16:55:58";6.1209999999999996
"2010-08-20T16:56:13";5.199999999999999
"2010-08-20T16:56:28";6.23
"2010-08-20T16:56:43";6.202999999999999
"2010-08-20T16:56:58";6.1209999999999996
"2010-08-20T16:57:13";6.175999999999999
"2010-08-20T16:57:28";6.093999999999999
"2010-08-20T16:57:43";4.334
"2010-08-20T16:57:58";11.241
"2010-08-20T16:58:13";5.959
"2010-08-20T16:58:28";6.093999999999999
"2010-08-20T16:58:43";6.446
"2010-08-20T16:58:58";6.582
"2010-08-20T16:59:13";6.582
"2010-08-20T16:59:28";6.5009999999999994
"2010-08-20T16:59:43";6.609
"2010-08-20T16:59:58";6.662999999999999
"2010-08-20T17:00:13";6.906999999999999
"2010-08-20T17:00:28";6.960999999999999
"2010-08-20T17:00:43";7.042
"2010-08-20T17:00:58";6.960999999999999
"2010-08-20T17:01:13";6.960999999999999
"2010-08-20T17:01:28";3.44
"2010-08-20T17:01:43";3.115
"2010-08-20T17:01:58";3.1689999999999996
"2010-08-20T17:02:13";3.223
"2010-08-20T17:16:00";4.143999999999999
"2010-08-20T17:16:15";4.334
"2010-08-20T17:16:30";5.444
"2010-08-20T17:16:45";6.23
"2010-08-20T17:17:00";5.959
"2010-08-20T17:17:15";6.04
"2010-08-20T17:17:30";6.066999999999999
"2010-08-20T17:17:45";4.388
"2010-08-20T17:18:00";3.413
"2010-08-20T17:18:15";
"2010-08-20T17:18:30";8.072000000000001
"2010-08-20T17:18:45";4.388
"2010-08-20T17:19:00";5.606999999999999
"2010-08-20T17:19:15";5.688
"2010-08-20T17:19:30";5.688
"2010-08-20T17:19:45";5.715
"2010-08-20T17:20:00";5.742
"2010-08-20T17:20:15";4.388
"2010-08-20T17:20:30";4.93
"2010-08-20T17:20:45";5.986
"2010-08-20T17:21:00";6.066999999999999
"2010-08-20T17:21:15";6.337999999999999
"2010-08-20T17:21:30";6.419
"2010-08-20T17:21:45";6.419
"2010-08-20T17:22:00";6.473999999999999
"2010-08-20T17:22:15";6.419
"2010-08-20T17:22:30";6.446
"2010-08-20T17:22:45";6.582
"2010-08-20T17:23:00";6.446
"2010-08-20T17:23:15";6.364999999999999
"2010-08-20T17:23:30";5.5249999999999995
"2010-08-20T17:23:45";14.843999999999998
"2010-08-20T17:24:00";14.409999999999998
"2010-08-20T17:24:15";4.468999999999999
"2010-08-20T17:24:30";5.335999999999999
"2010-08-20T17:24:45";4.143999999999999
"2010-08-20T17:25:00";5.579999999999999
"2010-08-20T17:25:15";7.665
"2010-08-20T17:25:30";5.255
"2010-08-20T17:25:45";5.579999999999999
"2010-08-20T17:26:00";5.6610000000000005
"2010-08-20T17:26:15";5.308999999999999
"2010-08-20T17:26:30";5.688
"2010-08-20T17:26:45";5.9319999999999995
"2010-08-20T17:27:00";6.364999999999999
"2010-08-20T17:27:15";6.23
"2010-08-20T17:27:30";6.175999999999999
"2010-08-20T17:27:45";5.6610000000000005
"2010-08-20T17:28:00";6.148
"2010-08-20T17:28:15";6.1209999999999996
"2010-08-20T17:28:30";6.23
"2010-08-20T17:28:45";6.175999999999999
"2010-08-20T17:29:00";4.063
"2010-08-20T17:29:15";15.439999999999998
"2010-08-20T17:29:30";11.783
"2010-08-20T17:29:45";4.7669999999999995
"2010-08-20T17:30:00";5.119
"2010-08-20T17:30:15";5.606999999999999
"2010-08-20T17:30:30";5.9319999999999995
"2010-08-20T17:30:45";6.771999999999999
"2010-08-20T17:31:00";6.582
"2010-08-20T17:31:15";6.446
"2010-08-20T17:31:30";6.446
"2010-08-20T17:31:45";6.5009999999999994
"2010-08-20T17:32:00";6.04
"2010-08-20T17:32:15";6.066999999999999
"2010-08-20T17:32:30";6.093999999999999
"2010-08-20T17:32:45";6.202999999999999
"2010-08-20T17:44:48";5.742
"2010-08-20T17:45:03";6.148
"2010-08-20T17:45:18";6.093999999999999
"2010-08-20T17:45:33";6.257
"2010-08-20T17:45:48";6.473999999999999
"2010-08-20T17:46:03";6.744
"2010-08-20T17:46:18";6.6899999999999995
"2010-08-20T17:46:33";6.662999999999999
"2010-08-20T17:46:48";6.6899999999999995
"2010-08-20T17:47:03";6.6899999999999995
"2010-08-20T17:47:18";6.582
"2010-08-20T17:47:33";
"2010-08-20T17:47:48";
"2010-08-20T17:48:03";
"2010-08-20T17:48:18";
"2010-08-20T17:48:33";
"2010-08-20T17:48:48";2.1119999999999997
"2010-08-20T17:49:03";0.948
"2010-08-20T17:49:18";4.143999999999999
"2010-08-20T17:49:33";5.363
"2010-08-20T17:49:48";5.553
"2010-08-20T17:50:03";6.175999999999999
"2010-08-20T17:50:18";5.877999999999999
"2010-08-20T17:50:33";5.877999999999999
"2010-08-20T17:50:48";5.742
"2010-08-20T17:51:03";6.066999999999999
"2010-08-20T17:51:18";6.311
"2010-08-20T17:51:33";6.364999999999999
"2010-08-20T17:51:48";6.364999999999999
"2010-08-20T17:52:03";6.364999999999999
"2010-08-20T17:52:18";6.364999999999999
"2010-08-20T17:52:33";6.419
"2010-08-20T17:52:48";6.013
"2010-08-20T17:53:03";6.148
"2010-08-20T17:53:18";6.093999999999999
"2010-08-20T17:53:33";5.255
"2010-08-20T17:53:48";11.674
"2010-08-20T17:54:03";15.386
"2010-08-20T17:54:18";8.343
"2010-08-20T17:54:33";4.7940000000000005
"2010-08-20T17:54:48";4.848
"2010-08-20T17:55:03";5.308999999999999
"2010-08-20T17:55:18";7.665
"2010-08-20T17:55:33";5.5249999999999995
"2010-08-20T17:55:48";5.768999999999999
"2010-08-20T17:56:03";6.013
"2010-08-20T17:56:18";6.311
"2010-08-20T17:56:33";6.364999999999999
"2010-08-20T17:56:48";6.364999999999999
"2010-08-20T17:57:03";6.3919999999999995
"2010-08-20T17:57:18";6.337999999999999
"2010-08-20T17:57:33";6.446
"2010-08-20T17:57:48";6.3919999999999995
"2010-08-20T17:58:03";6.446
"2010-08-20T17:58:18";6.419
"2010-08-20T17:58:33";6.473999999999999
"2010-08-20T17:58:48";6.473999999999999
"2010-08-20T17:59:03";6.3919999999999995
"2010-08-20T17:59:18";6.419
"2010-08-20T17:59:33";6.446
"2010-08-20T17:59:48";6.3919999999999995
"2010-08-20T18:00:03";6.364999999999999
"2010-08-20T18:00:18";6.364999999999999
"2010-08-20T18:00:33";6.419
"2010-08-20T18:00:48";6.364999999999999
"2010-08-20T18:01:03";6.473999999999999
"2010-08-20T18:01:18";6.3919999999999995
"2010-08-20T18:01:33";6.3919999999999995
"2010-08-20T18:01:48";6.311
"2010-08-20T18:02:03";6.3919999999999995
"2010-08-20T18:02:18";6.473999999999999
"2010-08-20T18:02:33";6.284
"2010-08-20T18:02:48";6.364999999999999
"2010-08-20T18:03:03";6.364999999999999
"2010-08-20T18:03:18";4.523
"2010-08-20T18:03:33";6.933999999999999
"2010-08-20T18:03:48";4.2250000000000005
"2010-08-20T18:04:03";
"2010-08-20T18:04:18";
"2010-08-20T18:04:33";
"2010-08-20T18:04:48";4.713
"2010-08-20T18:05:03";5.5249999999999995
"2010-08-20T18:05:18";6.066999999999999
"2010-08-20T18:05:33";5.6610000000000005
"2010-08-20T18:05:48";5.986
"2010-08-20T18:06:03";6.013
"2010-08-20T18:06:18";6.066999999999999
"2010-08-20T18:06:33";6.013
"2010-08-20T18:06:48";5.6339999999999995
"2010-08-20T18:07:03";5.688
"2010-08-20T18:07:18";5.795999999999999
"2010-08-20T18:07:33";5.742
"2010-08-20T18:07:48";5.9319999999999995
"2010-08-20T18:08:03";6.1209999999999996
"2010-08-20T18:08:18";6.066999999999999
"2010-08-20T18:08:33";6.202999999999999
"2010-08-20T18:08:48";5.959
"2010-08-20T18:09:03";6.066999999999999
"2010-08-20T18:09:18";6.013
"2010-08-20T18:09:33";6.04
"2010-08-20T18:09:48";6.311
"2010-08-20T18:10:03";6.364999999999999
"2010-08-20T18:10:18";6.337999999999999
"2010-08-20T18:10:33";6.284
"2010-08-20T18:10:48";6.3919999999999995
"2010-08-20T18:11:03";6.3919999999999995
"2010-08-20T18:11:18";6.284
"2010-08-20T18:11:33";6.3919999999999995
"2010-08-20T18:11:48";6.364999999999999
"2010-08-20T18:12:03";6.473999999999999
"2010-08-20T18:12:18";6.5009999999999994
"2010-08-20T18:12:33";6.257
"2010-08-20T18:12:48";6.175999999999999
"2010-08-20T18:13:03";1.4349999999999998
"2010-08-20T18:13:18";4.632
"2010-08-20T18:13:33";5.282
"2010-08-20T18:13:49";5.255
"2010-08-20T18:14:04";5.417
"2010-08-20T18:14:19";11.159999999999998
"2010-08-20T18:36:18";4.686
"2010-08-20T18:36:33";5.199999999999999
"2010-08-20T18:36:48";5.5249999999999995
"2010-08-20T18:37:03";5.606999999999999
"2010-08-20T18:37:18";5.742
"2010-08-20T18:37:33";5.606999999999999
"2010-08-20T18:37:48";5.5249999999999995
"2010-08-20T18:38:03";5.606999999999999
"2010-08-20T18:38:18";5.553
"2010-08-20T18:38:33";5.688
"2010-08-20T18:38:48";5.6610000000000005
"2010-08-20T18:39:03";5.851
"2010-08-20T18:39:18";5.877999999999999
"2010-08-20T18:39:33";5.904999999999999
"2010-08-20T18:39:48";5.904999999999999
"2010-08-20T18:40:03";5.851
"2010-08-20T18:40:18";5.9319999999999995
"2010-08-20T18:40:33";5.904999999999999
"2010-08-20T18:40:48";5.877999999999999
"2010-08-20T18:41:03";5.986
"2010-08-20T18:41:18";5.986
"2010-08-20T18:41:33";6.013
"2010-08-20T18:41:48";5.986
"2010-08-20T18:42:03";5.959
"2010-08-20T18:42:18";6.013
"2010-08-20T18:42:33";5.497999999999999
"2010-08-20T18:42:48";5.742
"2010-08-20T18:43:03";5.9319999999999995
"2010-08-20T18:43:18";6.066999999999999
"2010-08-20T18:43:33";6.013
"2010-08-20T18:43:48";6.04
"2010-08-20T18:44:03";6.066999999999999
"2010-08-20T18:44:18";6.175999999999999
"2010-08-20T18:44:33";6.013
"2010-08-20T18:44:48";3.765
"2010-08-20T18:45:03";
"2010-08-20T18:45:18";14.573
"2010-08-20T18:45:33";6.013
"2010-08-20T18:45:48";4.821
"2010-08-20T18:46:03";5.363
"2010-08-20T18:46:18";5.226999999999999
"2010-08-20T18:46:33";5.335999999999999
"2010-08-20T18:46:48";5.226999999999999
"2010-08-20T18:47:03";5.553
"2010-08-20T18:47:18";5.553
"2010-08-20T18:47:33";5.606999999999999
"2010-08-20T18:47:48";5.6339999999999995
"2010-08-20T18:48:03";5.606999999999999
"2010-08-20T18:48:18";5.579999999999999
"2010-08-20T18:48:33";5.6339999999999995
"2010-08-20T18:48:48";5.715
"2010-08-20T18:49:03";5.6339999999999995
"2010-08-20T18:49:18";5.688
"2010-08-20T18:49:33";5.795999999999999
"2010-08-20T18:49:48";5.742
"2010-08-20T18:50:03";5.795999999999999
"2010-08-20T18:50:18";5.715
"2010-08-20T18:50:33";5.119
"2010-08-20T18:50:48";6.093999999999999
"2010-08-20T18:51:03";5.606999999999999
"2010-08-20T18:51:18";5.904999999999999
"2010-08-20T18:51:33";5.851
"2010-08-20T18:51:48";5.715
"2010-08-20T18:52:03";5.795999999999999
"2010-08-20T18:52:18";5.6339999999999995
"2010-08-20T18:52:33";5.335999999999999
"2010-08-20T18:52:48";3.683
"2010-08-20T18:53:03";3.8459999999999996
"2010-08-20T18:53:18";5.037999999999999
"2010-08-20T18:53:33";9.914
"2010-08-20T18:53:48";3.8459999999999996
"2010-08-20T18:54:03";3.3859999999999997
"2010-08-20T18:54:18";4.0360000000000005
"2010-08-20T18:54:33";5.308999999999999
"2010-08-20T18:54:48";5.904999999999999
"2010-08-20T18:55:03";6.013
"2010-08-20T18:55:18";5.959
"2010-08-20T18:55:33";5.959
"2010-08-20T18:55:48";1.191
"2010-08-20T18:56:03";4.957
"2010-08-20T18:56:18";6.066999999999999
"2010-08-20T18:56:33";5.119
"2010-08-20T18:56:48";5.119
"2010-08-20T18:57:03";5.688
"2010-08-20T18:57:18";5.742
"2010-08-20T18:57:33";5.8229999999999995
"2010-08-20T18:57:48";9.751
"2010-08-20T18:58:03";15.222999999999999
"2010-08-20T18:58:18";5.119
"2010-08-20T18:58:33";5.606999999999999
"2010-08-20T18:58:48";5.579999999999999
"2010-08-20T18:59:03";5.768999999999999
"2010-08-20T18:59:18";5.742
"2010-08-20T18:59:33";5.795999999999999
"2010-08-20T18:59:48";5.877999999999999
"2010-08-20T19:00:03";5.9319999999999995
"2010-08-20T19:00:18";5.877999999999999
"2010-08-20T19:00:33";5.877999999999999
"2010-08-20T19:00:48";5.795999999999999
"2010-08-20T19:01:03";4.523
"2010-08-20T19:01:18";4.632
"2010-08-20T19:01:33";5.363
"2010-08-20T19:01:48";5.986
"2010-08-20T19:02:03";6.04
"2010-08-20T19:02:18";5.9319999999999995
"2010-08-20T19:02:33";6.1209999999999996
"2010-08-20T19:02:48";6.202999999999999
"2010-08-20T19:03:03";6.175999999999999
"2010-08-20T19:03:18";6.148
"2010-08-20T19:03:33";6.148
"2010-08-20T19:03:48";6.148
"2010-08-20T19:04:03";6.148
"2010-08-20T19:04:18";6.148
"2010-08-20T19:04:33";6.175999999999999
"2010-08-20T19:04:48";6.257
"2010-08-20T19:05:03";6.257
"2010-08-20T19:05:18";6.23
"2010-08-20T19:05:33";6.23
"2010-08-20T19:05:48";6.311
"2010-08-20T19:06:03";4.388
"2010-08-20T19:06:18";4.0089999999999995
"2010-08-20T19:06:33";4.117
"2010-08-20T19:06:48";4.468999999999999
"2010-08-20T19:07:03";4.4959999999999996
"2010-08-20T19:07:18";6.5009999999999994
"2010-08-20T19:07:33";2.681
"2010-08-20T19:07:48";
"2010-08-20T19:08:03";4.0360000000000005
"2010-08-20T19:08:18";
"2010-08-20T19:08:33";
"2010-08-20T19:08:48";
"2010-08-20T19:09:03";
"2010-08-20T19:09:18";
"2010-08-20T19:09:33";
"2010-08-20T19:09:48";
"2010-08-20T19:10:03";
"2010-08-20T19:10:18";
"2010-08-20T19:10:33";
"2010-08-20T19:10:48";
"2010-08-20T19:11:03";
"2010-08-20T19:11:18";
"2010-08-20T19:11:33";
"2010-08-20T19:11:48";
"2010-08-20T19:12:03";
"2010-08-20T19:12:18";
"2010-08-20T19:12:33";
"2010-08-20T19:12:48";
"2010-08-20T19:13:03";
"2010-08-20T19:13:18";
"2010-08-20T19:13:33";
"2010-08-20T19:13:48";
"2010-08-20T19:14:03";
"2010-08-20T19:14:18";
"2010-08-20T19:14:33";
"2010-08-20T19:14:48";
"2010-08-20T19:15:03";
"2010-08-20T19:15:18";
"2010-08-20T19:15:33";
"2010-08-20T19:15:48";
"2010-08-20T19:16:03";
"2010-08-20T19:16:18";
"2010-08-20T19:16:33";
"2010-08-20T19:16:48";
"2010-08-20T19:17:03";
"2010-08-20T19:17:18";
"2010-08-20T19:17:33";
"2010-08-20T19:17:48";
"2010-08-20T19:18:03";
"2010-08-20T19:18:18";
"2010-08-20T19:18:33";
"2010-08-20T19:18:48";
"2010-08-20T19:19:03";
"2010-08-20T19:19:18";13.95
"2010-08-20T19:19:33";6.473999999999999
"2010-08-20T19:19:48";4.984
"2010-08-20T19:20:03";5.199999999999999
"2010-08-20T19:20:18";5.444
"2010-08-20T19:20:33";5.497999999999999
"2010-08-20T19:20:48";5.5249999999999995
"2010-08-20T19:21:03";5.579999999999999
"2010-08-20T19:21:18";5.6610000000000005
"2010-08-20T19:21:33";4.170999999999999
"2010-08-20T19:21:48";8.045
"2010-08-20T19:22:03";5.795999999999999
"2010-08-20T19:22:18";6.23
"2010-08-20T19:22:33";6.717
"2010-08-20T19:22:48";6.771999999999999
"2010-08-20T19:23:03";6.88
"2010-08-20T19:23:18";6.771999999999999
"2010-08-20T19:23:33";6.717
"2010-08-20T19:23:48";6.635999999999999
"2010-08-20T19:24:03";7.015
"2010-08-20T19:24:18";7.232
"2010-08-20T19:24:33";7.286
"2010-08-20T19:24:48";7.286
"2010-08-20T19:25:03";7.286
"2010-08-20T19:25:18";7.2589999999999995
"2010-08-20T19:25:33";7.232
"2010-08-20T19:25:48";7.2589999999999995
"2010-08-20T19:26:03";7.366999999999999
"2010-08-20T19:26:18";7.34
"2010-08-20T19:26:33";7.232
"2010-08-20T19:26:48";7.286
"2010-08-20T19:27:03";7.2589999999999995
"2010-08-20T19:27:18";7.312999999999999
"2010-08-20T19:27:33";7.34
"2010-08-20T19:27:48";7.395
"2010-08-20T19:28:03";6.3919999999999995
"2010-08-20T19:28:18";6.717
"2010-08-20T19:28:33";6.744
"2010-08-20T19:28:48";6.6899999999999995
"2010-08-20T19:29:03";6.6899999999999995
"2010-08-20T19:29:18";6.635999999999999
"2010-08-20T19:29:33";6.906999999999999
"2010-08-20T19:29:48";6.771999999999999
"2010-08-20T19:30:03";6.799
"2010-08-20T19:30:18";5.497999999999999
"2010-08-20T19:30:33";5.417
"2010-08-20T19:30:48";0.839
"2010-08-20T19:31:03";2.356
"2010-08-20T19:31:18";
"2010-08-20T19:31:33";
"2010-08-20T19:31:48";
"2010-08-20T19:32:03";
"2010-08-20T19:32:18";
"2010-08-20T19:32:33";
"2010-08-20T19:32:48";
"2010-08-20T19:33:03";
"2010-08-20T19:33:18";
"2010-08-20T19:33:33";
"2010-08-20T19:33:48";
"2010-08-20T19:34:03";
"2010-08-20T19:34:18";
"2010-08-20T19:34:33";
"2010-08-20T19:34:48";
"2010-08-20T19:35:03";
"2010-08-20T19:35:18";
"2010-08-20T19:35:33";
"2010-08-20T19:35:48";
"2010-08-20T19:36:03";
"2010-08-20T19:36:18";
"2010-08-20T19:36:33";
"2010-08-20T19:36:48";
"2010-08-20T19:37:03";
"2010-08-20T19:37:18";
"2010-08-20T19:37:33";
"2010-08-20T19:37:48";
"2010-08-20T19:38:03";
"2010-08-20T19:38:18";
"2010-08-20T19:38:33";
"2010-08-20T19:38:48";
"2010-08-20T19:39:03";
"2010-08-20T19:39:18";
"2010-08-20T19:39:33";
"2010-08-20T19:39:48";
"2010-08-20T19:40:03";
"2010-08-20T19:40:18";
"2010-08-20T19:40:33";
"2010-08-20T19:40:48";
"2010-08-20T19:41:03";
"2010-08-20T19:41:18";
"2010-08-20T19:41:33";
"2010-08-20T19:41:48";
"2010-08-20T19:42:03";
"2010-08-20T19:42:18";
"2010-08-20T19:42:33";
"2010-08-20T19:42:48";
"2010-08-20T19:43:03";
"2010-08-20T19:43:18";
"2010-08-20T19:43:33";
"2010-08-20T19:43:48";
"2010-08-20T19:44:03";15.386
"2010-08-20T19:44:18";10.482999999999999
"2010-08-20T19:44:33";10.645
"2010-08-20T19:44:48";10.238999999999999
"2010-08-20T19:45:03";12.27
"2010-08-20T19:45:18";5.471
"2010-08-20T19:45:33";3.9269999999999996
"2010-08-20T19:45:48";4.659
"2010-08-20T19:46:03";4.686
"2010-08-20T19:46:18";1.7329999999999999
"2010-08-20T19:46:33";4.523
"2010-08-20T19:46:48";4.063
"2010-08-20T19:47:03";4.577
"2010-08-20T19:47:18";5.444
"2010-08-20T19:47:33";2.844
"2010-08-20T19:47:48";4.632
"2010-08-20T19:48:03";5.5249999999999995
"2010-08-20T19:48:18";5.0649999999999995
"2010-08-20T19:48:33";5.173
"2010-08-20T19:48:48";5.226999999999999
"2010-08-20T19:49:03";5.363
"2010-08-20T19:49:18";5.335999999999999
"2010-08-20T19:49:33";5.363
"2010-08-20T19:49:48";5.5249999999999995
"2010-08-20T19:50:03";5.579999999999999
"2010-08-20T19:50:18";5.335999999999999
"2010-08-20T19:50:33";4.821
"2010-08-20T19:50:48";4.93
"2010-08-20T19:51:03";8.992999999999999
"2010-08-20T19:51:18";5.146
"2010-08-20T19:51:33";5.742
"2010-08-20T19:51:48";5.8229999999999995
"2010-08-20T19:52:03";5.715
"2010-08-20T19:52:18";5.8229999999999995
"2010-08-20T19:52:33";5.795999999999999
"2010-08-20T19:52:48";5.768999999999999
"2010-08-20T19:53:03";5.795999999999999
"2010-08-20T19:53:18";5.8229999999999995
"2010-08-20T19:53:33";5.6610000000000005
"2010-08-20T19:53:48";5.6610000000000005
"2010-08-20T19:54:03";5.768999999999999
"2010-08-20T19:54:18";5.092
"2010-08-20T19:54:33";5.010999999999999
"2010-08-20T19:54:48";4.4959999999999996
"2010-08-20T19:55:03";4.523
"2010-08-20T19:55:18";3.981
"2010-08-20T19:55:33";3.1959999999999997
"2010-08-20T19:55:48";4.523
"2010-08-20T19:56:03";6.1209999999999996
"2010-08-20T19:56:18";4.523
"2010-08-20T19:56:33";5.092
"2010-08-20T19:56:48";5.119
"2010-08-20T19:57:03";5.335999999999999
"2010-08-20T19:57:18";5.199999999999999
"2010-08-20T19:57:33";5.226999999999999
"2010-08-20T19:57:48";5.363
"2010-08-20T19:58:03";5.335999999999999
"2010-08-20T19:58:18";5.417
"2010-08-20T19:58:33";4.7669999999999995
"2010-08-20T19:58:48";4.686
"2010-08-20T19:59:03";4.984
"2010-08-20T19:59:18";5.092
"2010-08-20T19:59:33";5.119
"2010-08-20T19:59:48";5.715
"2010-08-20T20:00:03";5.417
"2010-08-20T20:00:18";5.471
"2010-08-20T20:00:33";5.5249999999999995
"2010-08-20T20:00:48";5.6339999999999995
"2010-08-20T20:01:03";5.497999999999999
"2010-08-20T20:01:18";5.606999999999999
"2010-08-20T20:01:33";5.39
"2010-08-20T20:01:48";6.202999999999999
"2010-08-20T20:02:03";6.284
"2010-08-20T20:02:18";6.3919999999999995
"2010-08-20T20:02:33";6.337999999999999
"2010-08-20T20:02:48";6.364999999999999
"2010-08-20T20:03:03";6.473999999999999
"2010-08-20T20:03:18";6.066999999999999
"2010-08-20T20:03:33";5.877999999999999
"2010-08-20T20:03:48";5.904999999999999
"2010-08-20T20:04:03";5.877999999999999
"2010-08-20T20:04:18";6.04
"2010-08-20T20:04:33";6.148
"2010-08-20T20:04:48";6.013
"2010-08-20T20:05:03";5.768999999999999
"2010-08-20T20:05:18";4.957
"2010-08-20T20:05:33";5.6610000000000005
"2010-08-20T20:05:48";5.6610000000000005
"2010-08-20T20:06:03";7.882
"2010-08-20T20:06:18";15.494
"2010-08-20T20:06:33";
"2010-08-20T20:06:48";
"2010-08-20T20:07:03";
"2010-08-20T20:07:18";
"2010-08-20T20:07:33";
"2010-08-20T20:07:48";8.532
"2010-08-20T20:08:03";15.169
"2010-08-20T20:08:18";15.304
"2010-08-20T20:08:33";15.222999999999999
"2010-08-20T20:08:48";15.087999999999997
"2010-08-20T20:09:03";15.574999999999998
"2010-08-20T20:09:18";3.9269999999999996
"2010-08-20T20:09:33";4.93
"2010-08-20T20:09:48";5.092
"2010-08-20T20:10:03";5.0649999999999995
"2010-08-20T20:10:18";5.497999999999999
"2010-08-20T20:10:33";5.6610000000000005
"2010-08-20T20:10:48";5.553
"2010-08-20T20:11:03";0.785
"2010-08-20T20:11:18";4.4959999999999996
"2010-08-20T20:11:33";5.308999999999999
"2010-08-20T20:11:48";5.904999999999999
"2010-08-20T20:12:03";5.877999999999999
"2010-08-20T20:12:18";5.877999999999999
"2010-08-20T20:12:33";5.8229999999999995
"2010-08-20T20:12:48";5.904999999999999
"2010-08-20T20:13:03";5.877999999999999
"2010-08-20T20:13:18";5.877999999999999
"2010-08-20T20:13:33";6.013
"2010-08-20T20:13:48";5.959
"2010-08-20T20:14:03";2.085
"2010-08-20T20:14:18";9.399000000000001
"2010-08-20T20:14:33";5.606999999999999
"2010-08-20T20:14:48";5.742
"2010-08-20T20:15:03";5.959
"2010-08-20T20:15:18";6.013
"2010-08-20T20:15:33";5.904999999999999
"2010-08-20T20:15:48";5.877999999999999
"2010-08-20T20:16:03";6.013
"2010-08-20T20:16:18";6.013
"2010-08-20T20:16:33";6.04
"2010-08-20T20:16:48";6.066999999999999
"2010-08-20T20:17:03";5.986
"2010-08-20T20:17:18";5.986
"2010-08-20T20:17:33";5.9319999999999995
"2010-08-20T20:17:48";5.959
"2010-08-20T20:18:03";6.093999999999999
"2010-08-20T20:18:18";5.877999999999999
"2010-08-20T20:18:33";5.363
"2010-08-20T20:18:48";5.010999999999999
"2010-08-20T20:19:03";10.319999999999999
"2010-08-20T20:19:18";6.744
"2010-08-20T20:19:33";5.173
"2010-08-20T20:19:48";5.335999999999999
"2010-08-20T20:20:03";5.471
"2010-08-20T20:20:18";5.715
"2010-08-20T20:20:33";5.768999999999999
"2010-08-20T20:20:48";5.8229999999999995
"2010-08-20T20:21:03";4.93
"2010-08-20T20:21:18";5.553
"2010-08-20T20:21:33";5.795999999999999
"2010-08-20T20:21:48";6.446
"2010-08-20T20:22:03";15.005999999999998
"2010-08-20T20:22:18";4.821
"2010-08-20T20:22:33";5.9319999999999995
"2010-08-20T20:22:48";6.066999999999999
"2010-08-20T20:23:03";6.066999999999999
"2010-08-20T20:23:18";6.148
"2010-08-20T20:23:33";6.202999999999999
"2010-08-20T20:23:48";3.8459999999999996
"2010-08-20T20:24:03";11.539
"2010-08-20T20:24:18";6.3919999999999995
"2010-08-20T20:24:33";10.021999999999998
"2010-08-20T20:24:48";3.954
"2010-08-20T20:25:03";4.984
"2010-08-20T20:25:18";4.93
"2010-08-20T20:25:33";4.55
"2010-08-20T20:25:48";5.308999999999999
"2010-08-20T20:26:03";12.242999999999999
"2010-08-20T20:26:18";3.8999999999999995
"2010-08-20T20:26:33";4.957
"2010-08-20T20:26:48";5.768999999999999
"2010-08-20T20:27:03";5.8229999999999995
"2010-08-20T20:27:18";5.959
"2010-08-20T20:27:33";6.013
"2010-08-20T20:27:48";5.417
"2010-08-20T20:28:03";5.444
"2010-08-20T20:28:18";5.768999999999999
"2010-08-20T20:28:33";5.9319999999999995
"2010-08-20T20:28:48";5.9319999999999995
"2010-08-20T20:29:03";5.959
"2010-08-20T20:29:18";6.04
"2010-08-20T20:29:33";6.473999999999999
"2010-08-20T20:29:48";7.963
"2010-08-20T20:30:03";6.066999999999999
"2010-08-20T20:30:18";6.933999999999999
"2010-08-20T20:30:33";7.0969999999999995
"2010-08-20T20:30:48";4.739999999999999
"2010-08-20T20:31:03";8.234
"2010-08-20T20:31:18";5.959
"2010-08-20T20:31:33";4.063
"2010-08-20T20:31:48";5.363
"2010-08-20T20:32:03";5.8229999999999995
"2010-08-20T20:32:18";5.851
"2010-08-20T20:32:33";5.795999999999999
"2010-08-20T20:32:48";5.8229999999999995
"2010-08-20T20:33:03";5.851
"2010-08-20T20:33:18";5.877999999999999
"2010-08-20T20:33:33";5.986
"2010-08-20T20:33:48";12.486999999999998
"2010-08-20T20:34:03";11.783
"2010-08-20T20:34:18";5.010999999999999
"2010-08-20T20:34:33";4.739999999999999
"2010-08-20T20:34:48";5.037999999999999
"2010-08-20T20:35:03";5.146
"2010-08-20T20:35:18";5.417
"2010-08-20T20:35:33";5.444
"2010-08-20T20:35:48";5.6339999999999995
"2010-08-20T20:36:03";5.6610000000000005
"2010-08-20T20:36:18";5.742
"2010-08-20T20:36:33";5.715
"2010-08-20T20:36:48";9.181999999999999
"2010-08-20T20:37:03";
"2010-08-20T20:37:18";
"2010-08-20T20:37:33";
"2010-08-20T20:37:48";
"2010-08-20T20:38:03";
"2010-08-20T20:38:18";
"2010-08-20T20:38:33";
"2010-08-20T20:38:48";
"2010-08-20T20:39:03";8.424
"2010-08-20T20:39:18";4.984
"2010-08-20T20:39:33";4.0360000000000005
"2010-08-20T20:39:48";4.984
"2010-08-20T20:40:03";5.282
"2010-08-20T20:40:18";5.335999999999999
"2010-08-20T20:40:33";5.308999999999999
"2010-08-20T20:40:48";5.363
"2010-08-20T20:41:03";5.444
"2010-08-20T20:41:18";5.471
"2010-08-20T20:41:33";5.579999999999999
"2010-08-20T20:41:48";5.688
"2010-08-20T20:42:04";5.768999999999999
"2010-08-20T20:42:19";5.742
"2010-08-20T20:42:34";7.366999999999999
"2010-08-20T20:42:49";7.178
"2010-08-20T20:43:04";6.04
"2010-08-20T20:43:19";5.986
"2010-08-20T20:43:34";4.901999999999999
"2010-08-20T20:43:49";3.8999999999999995
"2010-08-20T20:44:04";4.686
"2010-08-20T20:44:19";4.2250000000000005
"2010-08-20T20:44:34";5.146
"2010-08-20T20:44:49";3.223
"2010-08-20T20:45:04";3.765
"2010-08-20T20:45:19";4.306
"2010-08-20T20:45:34";4.901999999999999
"2010-08-20T20:45:49";4.7940000000000005
"2010-08-20T20:46:04";5.010999999999999
"2010-08-20T20:46:19";4.7669999999999995
"2010-08-20T20:46:34";4.252
"2010-08-20T20:46:49";4.2250000000000005
"2010-08-20T20:47:04";5.606999999999999
"2010-08-20T20:47:19";5.9319999999999995
"2010-08-20T20:47:34";10.862
"2010-08-20T20:47:49";5.497999999999999
"2010-08-20T20:48:04";4.117
"2010-08-20T20:48:19";6.337999999999999
"2010-08-20T20:48:34";3.954
"2010-08-20T20:48:49";5.579999999999999
"2010-08-20T20:49:04";6.528
"2010-08-20T20:49:19";6.555
"2010-08-20T20:49:34";6.582
"2010-08-20T20:49:49";6.582
"2010-08-20T20:50:04";15.386
"2010-08-20T20:50:19";11.024000000000001
"2010-08-20T20:50:34";14.843999999999998
"2010-08-20T20:50:49";11.918
"2010-08-20T20:51:04";4.361
"2010-08-20T20:51:19";2.356
"2010-08-20T20:51:34";3.6289999999999996
"2010-08-20T20:51:49";3.3579999999999997
"2010-08-20T20:52:04";
"2010-08-20T20:52:19";
"2010-08-20T20:52:34";
"2010-08-20T20:52:49";
"2010-08-20T20:53:04";
"2010-08-20T20:53:19";
"2010-08-20T20:53:34";
"2010-08-20T20:53:49";2.952
"2010-08-20T20:54:04";3.3859999999999997
"2010-08-20T20:54:19";3.8459999999999996
"2010-08-20T20:54:34";3.8729999999999998
"2010-08-20T20:54:49";3.1689999999999996
"2010-08-20T20:55:04";3.223
"2010-08-20T20:55:19";3.44
"2010-08-20T20:55:34";4.7669999999999995
"2010-08-20T20:55:49";6.1209999999999996
"2010-08-20T20:56:04";11.837
"2010-08-20T20:56:19";3.304
"2010-08-20T20:56:34";3.115
"2010-08-20T20:56:49";3.792
"2010-08-20T20:57:04";
"2010-08-20T20:57:19";3.033
"2010-08-20T20:57:34";3.331
"2010-08-20T20:57:49";2.275
"2010-08-20T20:58:04";3.331
"2010-08-20T20:58:19";3.4669999999999996
"2010-08-20T20:58:34";2.2479999999999998
"2010-08-20T20:58:49";2.492
"2010-08-20T20:59:04";2.356
"2010-08-20T20:59:19";2.546
"2010-08-20T20:59:34";2.4099999999999997
"2010-08-20T20:59:49";2.8169999999999997
"2010-08-20T21:00:04";2.573
"2010-08-20T21:00:19";3.0879999999999996
"2010-08-20T21:00:34";1.029
"2010-08-20T21:00:49";1.029
"2010-08-20T21:01:04";0.9199999999999999
"2010-08-20T21:01:19";3.5479999999999996
"2010-08-20T21:01:34";1.6789999999999998
"2010-08-20T21:01:49";
"2010-08-20T21:02:04";
"2010-08-20T21:02:19";
"2010-08-20T21:02:34";2.952
"2010-08-20T21:02:49";3.4939999999999998
"2010-08-20T21:03:04";3.521
"2010-08-20T21:03:19";2.871
"2010-08-20T21:03:34";2.9789999999999996
"2010-08-20T21:03:49";4.4959999999999996
"2010-08-20T21:04:04";3.06
"2010-08-20T21:04:19";2.844
"2010-08-20T21:04:34";3.8459999999999996
"2010-08-20T21:04:49";1.7329999999999999
"2010-08-20T21:05:04";
"2010-08-20T21:05:19";1.8139999999999998
"2010-08-20T21:05:34";3.8999999999999995
"2010-08-20T21:05:49";4.0089999999999995
"2010-08-20T21:06:04";3.1689999999999996
"2010-08-20T21:06:19";2.8979999999999997
"2010-08-20T21:06:34";3.304
"2010-08-20T21:06:49";3.954
"2010-08-20T21:07:04";3.765
"2010-08-20T21:07:19";3.954
"2010-08-20T21:07:34";1.6789999999999998
"2010-08-20T21:07:49";3.819
"2010-08-20T21:08:04";3.1959999999999997
"2010-08-20T21:08:19";3.5479999999999996
"2010-08-20T21:08:34";3.4669999999999996
"2010-08-20T21:08:49";3.5479999999999996
"2010-08-20T21:09:04";3.5749999999999997
"2010-08-20T21:09:19";3.413
"2010-08-20T21:09:34";3.4939999999999998
"2010-08-20T21:09:49";2.383
"2010-08-20T21:10:04";3.8729999999999998
"2010-08-20T21:10:19";2.5999999999999996
"2010-08-20T21:10:34";4.0089999999999995
"2010-08-20T21:10:49";2.871
"2010-08-20T21:11:04";3.5479999999999996
"2010-08-20T21:11:19";3.981
"2010-08-20T21:11:34";4.2250000000000005
"2010-08-20T21:11:49";4.468999999999999
"2010-08-20T21:12:04";4.739999999999999
"2010-08-20T21:12:19";3.8999999999999995
"2010-08-20T21:12:34";3.8999999999999995
"2010-08-20T21:12:49";2.9789999999999996
"2010-08-20T21:13:04";2.465
"2010-08-20T21:13:19";1.002
"2010-08-20T21:13:34";2.3289999999999997
"2010-08-20T21:13:49";2.302
"2010-08-20T21:14:04";3.413
"2010-08-20T21:14:19";3.3859999999999997
"2010-08-20T21:14:34";3.1959999999999997
"2010-08-20T21:14:49";3.25
"2010-08-20T21:15:04";3.2769999999999997
"2010-08-20T21:15:19";3.4939999999999998
"2010-08-20T21:15:34";2.681
"2010-08-20T21:15:49";3.223
"2010-08-20T21:16:04";1.083
"2010-08-20T21:16:19";6.473999999999999
"2010-08-20T21:16:34";2.925
"2010-08-20T21:16:49";3.4669999999999996
"2010-08-20T21:17:04";0.704
"2010-08-20T21:17:19";3.331
"2010-08-20T21:17:34";3.3859999999999997
"2010-08-20T21:17:49";3.006
"2010-08-20T21:18:04";3.6289999999999996
"2010-08-20T21:18:19";3.792
"2010-08-20T21:18:34";3.6289999999999996
"2010-08-20T21:18:49";3.765
"2010-08-20T21:19:04";14.139
"2010-08-20T21:19:19";10.969999999999999
"2010-08-20T21:19:34";1.164
"2010-08-20T21:19:49";
"2010-08-20T21:20:04";
"2010-08-20T21:20:19";
"2010-08-20T21:20:34";
"2010-08-20T21:20:49";
"2010-08-20T21:21:04";
"2010-08-20T21:21:19";1.8409999999999997
"2010-08-20T21:21:34";6.771999999999999
"2010-08-20T21:21:49";12.216
"2010-08-20T21:22:04";6.6899999999999995
"2010-08-20T21:22:19";2.871
"2010-08-20T21:22:34";2.492
"2010-08-20T21:22:49";3.9269999999999996
"2010-08-20T21:23:04";4.306
"2010-08-20T21:23:19";2.9789999999999996
"2010-08-20T21:23:34";4.063
"2010-08-20T21:23:49";4.252
"2010-08-20T21:24:04";3.115
"2010-08-20T21:24:19";3.006
"2010-08-20T21:24:34";2.356
"2010-08-20T21:24:49";5.119
"2010-08-20T21:25:04";9.155
"2010-08-20T21:25:19";3.521
"2010-08-20T21:25:34";3.1689999999999996
"2010-08-20T21:25:49";0.9749999999999999
"2010-08-20T21:26:04";
"2010-08-20T21:26:19";
"2010-08-20T21:26:34";2.925
"2010-08-20T21:26:49";3.683
"2010-08-20T21:27:04";4.0089999999999995
"2010-08-20T21:27:19";4.686
"2010-08-20T21:27:34";4.143999999999999
"2010-08-20T21:27:49";4.09
"2010-08-20T21:28:04";1.083
"2010-08-20T21:28:19";2.4099999999999997
"2010-08-20T21:28:34";1.002
"2010-08-20T21:28:49";1.8409999999999997
"2010-08-20T21:29:04";4.93
"2010-08-20T21:29:19";
"2010-08-20T21:29:34";
"2010-08-20T21:29:49";
"2010-08-20T21:30:04";
"2010-08-20T21:30:19";3.033
"2010-08-20T21:30:34";2.627
"2010-08-20T21:30:49";2.383
"2010-08-20T21:31:04";2.8169999999999997
"2010-08-20T21:31:19";4.468999999999999
"2010-08-20T21:31:34";
"2010-08-20T21:31:49";
"2010-08-20T21:32:04";1.6789999999999998
"2010-08-20T21:32:19";4.117
"2010-08-20T21:32:34";2.681
"2010-08-20T21:32:49";
"2010-08-20T21:33:04";
"2010-08-20T21:33:19";
"2010-08-20T21:33:34";3.142
"2010-08-20T21:33:49";2.7899999999999996
"2010-08-20T21:34:04";3.7109999999999994
"2010-08-20T21:34:19";3.8459999999999996
"2010-08-20T21:34:34";4.279
"2010-08-20T21:34:49";4.686
"2010-08-20T21:35:04";8.559000000000001
"2010-08-20T21:35:19";8.802999999999999
"2010-08-20T21:35:34";2.7079999999999997
"2010-08-20T21:35:49";2.167
"2010-08-20T21:36:04";3.3859999999999997
"2010-08-20T21:36:19";3.25
"2010-08-20T21:36:34";3.8459999999999996
"2010-08-20T21:36:49";3.8999999999999995
"2010-08-20T21:37:04";3.8999999999999995
"2010-08-20T21:37:19";3.4939999999999998
"2010-08-20T21:37:34";3.4939999999999998
"2010-08-20T21:37:49";3.4669999999999996
"2010-08-20T21:38:04";3.223
"2010-08-20T21:38:19";3.44
"2010-08-20T21:38:34";7.366999999999999
"2010-08-20T21:38:49";2.8979999999999997
"2010-08-20T21:39:04";2.383
"2010-08-20T21:39:19";3.521
"2010-08-20T21:39:34";3.954
"2010-08-20T21:39:49";4.279
"2010-08-20T21:40:04";3.8999999999999995
"2010-08-20T21:40:19";2.8169999999999997
"2010-08-20T21:40:34";4.659
"2010-08-20T21:40:49";5.146
"2010-08-20T21:41:04";4.713
"2010-08-20T21:41:19";3.8459999999999996
"2010-08-20T21:41:34";9.074
"2010-08-20T21:41:49";6.066999999999999
"2010-08-20T21:42:04";13.434999999999999
"2010-08-20T21:42:19";15.304
"2010-08-20T21:42:34";14.030999999999999
"2010-08-20T21:42:49";9.155
"2010-08-20T21:43:04";3.683
"2010-08-20T21:43:19";3.115
"2010-08-20T21:43:34";3.4669999999999996
"2010-08-20T21:43:49";3.4669999999999996
"2010-08-20T21:44:04";3.5479999999999996
"2010-08-20T21:44:19";6.419
"2010-08-20T21:44:34";3.8459999999999996
"2010-08-20T21:44:49";3.44
"2010-08-20T21:45:04";3.142
"2010-08-20T21:45:19";2.681
"2010-08-20T21:45:34";2.7079999999999997
"2010-08-20T21:45:49";2.925
"2010-08-20T21:46:04";3.06
"2010-08-20T21:46:19";3.006
"2010-08-20T21:46:34";3.3859999999999997
"2010-08-20T21:46:49";4.0360000000000005
"2010-08-20T21:47:04";6.473999999999999
"2010-08-20T21:47:19";6.311
"2010-08-20T21:47:34";2.654
"2010-08-20T21:47:49";2.0309999999999997
"2010-08-20T21:48:04";2.383
"2010-08-20T21:48:19";2.762
"2010-08-20T21:48:34";1.408
"2010-08-20T21:48:49";2.4099999999999997
"2010-08-20T21:49:04";2.681
"2010-08-20T21:49:19";2.437
"2010-08-20T21:49:34";2.139
"2010-08-20T21:49:49";3.4669999999999996
"2010-08-20T21:50:04";3.006
"2010-08-20T21:50:19";3.819
"2010-08-20T21:50:34";4.334
"2010-08-20T21:50:49";3.6289999999999996
"2010-08-20T21:51:04";4.117
"2010-08-20T21:51:19";8.072000000000001
"2010-08-20T21:51:34";4.739999999999999
"2010-08-20T21:51:49";5.0649999999999995
"2010-08-20T21:52:04";4.09
"2010-08-20T21:52:19";4.306
"2010-08-20T21:52:34";3.954
"2010-08-20T21:52:49";1.4349999999999998
"2010-08-20T21:53:04";3.0879999999999996
"2010-08-20T21:53:19";3.2769999999999997
"2010-08-20T21:53:34";2.9789999999999996
"2010-08-20T21:53:49";3.683
"2010-08-20T21:54:04";3.9269999999999996
"2010-08-20T21:54:19";
"2010-08-20T21:54:34";
"2010-08-20T21:54:49";
"2010-08-20T21:55:04";
"2010-08-20T21:55:19";
"2010-08-20T21:55:34";
"2010-08-20T21:55:49";
"2010-08-20T21:56:04";
"2010-08-20T21:56:19";6.9879999999999995
"2010-08-20T21:56:34";6.771999999999999
"2010-08-20T21:56:49";4.2250000000000005
"2010-08-20T21:57:04";2.9789999999999996
"2010-08-20T21:57:19";2.4099999999999997
"2010-08-20T21:57:34";2.871
"2010-08-20T21:57:49";2.952
"2010-08-20T21:58:04";2.5189999999999997
"2010-08-20T21:58:19";3.25
"2010-08-20T21:58:34";3.765
"2010-08-20T21:58:49";3.819
"2010-08-20T21:59:04";3.765
"2010-08-20T21:59:19";3.7109999999999994
"2010-08-20T21:59:34";3.5749999999999997
"2010-08-20T21:59:49";3.9269999999999996
"2010-08-20T22:00:04";3.981
"2010-08-20T22:00:19";4.0360000000000005
"2010-08-20T22:00:34";3.981
"2010-08-20T22:00:49";2.7899999999999996
"2010-08-20T22:01:04";3.8729999999999998
"2010-08-20T22:01:19";3.981
"2010-08-20T22:01:34";4.0360000000000005
"2010-08-20T22:01:49";4.063
"2010-08-20T22:02:04";4.117
"2010-08-20T22:02:19";4.117
"2010-08-20T22:02:34";4.334
"2010-08-20T22:02:49";4.388
"2010-08-20T22:03:04";4.388
"2010-08-20T22:03:19";4.415
"2010-08-20T22:03:34";4.468999999999999
"2010-08-20T22:03:49";4.4959999999999996
"2010-08-20T22:04:04";4.441999999999999
"2010-08-20T22:04:19";4.361
"2010-08-20T22:04:34";4.415
"2010-08-20T22:04:49";4.388
"2010-08-20T22:05:04";4.388
"2010-08-20T22:05:19";4.415
"2010-08-20T22:05:34";4.441999999999999
"2010-08-20T22:05:49";4.523
"2010-08-20T22:06:04";4.4959999999999996
"2010-08-20T22:06:19";2.356
"2010-08-20T22:06:34";4.143999999999999
"2010-08-20T22:06:49";
"2010-08-20T22:07:04";2.9789999999999996
"2010-08-20T22:07:19";3.033
"2010-08-20T22:07:34";3.033
"2010-08-20T22:07:49";3.4939999999999998
"2010-08-20T22:08:04";2.925
"2010-08-20T22:08:19";3.142
"2010-08-20T22:08:34";3.331
"2010-08-20T22:08:49";3.7109999999999994
"2010-08-20T22:09:04";2.8169999999999997
"2010-08-20T22:09:19";4.117
"2010-08-20T22:09:34";3.006
"2010-08-20T22:09:49";3.25
"2010-08-20T22:10:04";3.5749999999999997
"2010-08-20T22:10:19";2.7079999999999997
"2010-08-20T22:10:34";3.25
"2010-08-20T22:10:49";3.8459999999999996
"2010-08-20T22:11:04";3.5749999999999997
"2010-08-20T22:11:19";3.8999999999999995
"2010-08-20T22:11:34";3.5479999999999996
"2010-08-20T22:11:49";3.4669999999999996
"2010-08-20T22:12:04";3.738
"2010-08-20T22:12:19";6.906999999999999
"2010-08-20T22:12:34";3.792
"2010-08-20T22:12:49";4.063
"2010-08-20T22:13:04";3.954
"2010-08-20T22:13:19";4.4959999999999996
"2010-08-20T22:13:34";4.334
"2010-08-20T22:13:49";4.468999999999999
"2010-08-20T22:14:04";3.9269999999999996
"2010-08-20T22:14:19";4.170999999999999
"2010-08-20T22:14:34";3.4669999999999996
"2010-08-20T22:14:49";7.5569999999999995
"2010-08-20T22:15:04";3.223
"2010-08-20T22:15:19";4.0360000000000005
"2010-08-20T22:15:34";3.9269999999999996
"2010-08-20T22:15:49";3.683
"2010-08-20T22:16:04";3.656
"2010-08-20T22:16:19";3.792
"2010-08-20T22:16:34";3.765
"2010-08-20T22:16:49";3.6289999999999996
"2010-08-20T22:17:04";3.8459999999999996
"2010-08-20T22:17:19";3.2769999999999997
"2010-08-20T22:17:34";1.1099999999999999
"2010-08-20T22:17:49";5.795999999999999
"2010-08-20T22:18:04";2.275
"2010-08-20T22:18:19";
"2010-08-20T22:18:34";0.758
"2010-08-20T22:18:49";
"2010-08-20T22:19:04";
"2010-08-20T22:19:19";0.5409999999999999
"2010-08-20T22:19:34";
"2010-08-20T22:19:49";
"2010-08-20T22:20:04";
"2010-08-20T22:20:19";
"2010-08-20T22:20:34";1.164
"2010-08-20T22:20:49";4.55
"2010-08-20T22:21:04";5.851
"2010-08-20T22:21:19";3.5749999999999997
"2010-08-20T22:21:34";7.0969999999999995
"2010-08-20T22:21:49";2.627
"2010-08-20T22:22:04";4.063
"2010-08-20T22:22:19";4.0360000000000005
"2010-08-20T22:22:34";4.361
"2010-08-20T22:22:49";4.4959999999999996
"2010-08-20T22:23:04";3.44
"2010-08-20T22:23:19";3.981
"2010-08-20T22:23:34";4.143999999999999
"2010-08-20T22:23:49";4.063
"2010-08-20T22:24:04";4.0089999999999995
"2010-08-20T22:24:19";3.981
"2010-08-20T22:24:34";4.143999999999999
"2010-08-20T22:24:49";0.704
"2010-08-20T22:25:04";3.5749999999999997
"2010-08-20T22:25:19";3.5749999999999997
"2010-08-20T22:25:34";6.473999999999999
"2010-08-20T22:25:49";1.896
"2010-08-20T22:26:04";2.627
"2010-08-20T22:26:19";3.954
"2010-08-20T22:26:34";3.8459999999999996
"2010-08-20T22:26:49";4.063
"2010-08-20T22:27:04";4.334
"2010-08-20T22:27:19";4.468999999999999
"2010-08-20T22:27:34";4.334
"2010-08-20T22:27:49";4.468999999999999
"2010-08-20T22:28:04";4.306
"2010-08-20T22:28:19";4.415
"2010-08-20T22:28:34";4.279
"2010-08-20T22:28:49";4.279
"2010-08-20T22:29:04";4.279
"2010-08-20T22:29:19";4.306
"2010-08-20T22:29:34";4.2250000000000005
"2010-08-20T22:29:49";3.06
"2010-08-20T22:30:04";3.5749999999999997
"2010-08-20T22:30:19";4.577
"2010-08-20T22:30:34";4.713
"2010-08-20T22:30:49";4.523
"2010-08-20T22:31:04";4.468999999999999
"2010-08-20T22:31:19";4.441999999999999
"2010-08-20T22:31:34";4.117
"2010-08-20T22:31:49";4.1979999999999995
"2010-08-20T22:32:04";4.09
"2010-08-20T22:32:19";4.09
"2010-08-20T22:32:34";4.063
"2010-08-20T22:32:49";2.627
"2010-08-20T22:33:04";3.25
"2010-08-20T22:33:19";3.656
"2010-08-20T22:33:34";3.792
"2010-08-20T22:33:49";4.063
"2010-08-20T22:34:04";4.09
"2010-08-20T22:34:19";8.504999999999999
"2010-08-20T22:34:34";0.785
"2010-08-20T22:34:49";6.202999999999999
"2010-08-20T22:35:04";
"2010-08-20T22:35:19";0.8119999999999999
"2010-08-20T22:35:34";
"2010-08-20T22:35:49";
"2010-08-20T22:36:04";
"2010-08-20T22:36:19";
"2010-08-20T22:36:34";4.143999999999999
"2010-08-20T22:36:49";3.142
"2010-08-20T22:37:04";2.2209999999999996
"2010-08-20T22:37:19";6.175999999999999
"2010-08-20T22:37:34";8.722
"2010-08-20T22:37:49";8.992999999999999
"2010-08-20T22:38:04";7.747
"2010-08-20T22:38:19";2.5999999999999996
"2010-08-20T22:38:34";2.465
"2010-08-20T22:38:49";2.844
"2010-08-20T22:39:04";3.0879999999999996
"2010-08-20T22:39:19";3.413
"2010-08-20T22:39:34";3.9269999999999996
"2010-08-20T22:39:49";3.981
"2010-08-20T22:40:04";3.4669999999999996
"2010-08-20T22:40:19";
"2010-08-20T22:40:34";2.3289999999999997
"2010-08-20T22:40:49";2.546
"2010-08-20T22:41:04";3.3579999999999997
"2010-08-20T22:41:19";4.117
"2010-08-20T22:41:34";4.117
"2010-08-20T22:41:49";4.117
"2010-08-20T22:42:04";4.117
"2010-08-20T22:42:19";4.117
"2010-08-20T22:42:34";4.468999999999999
"2010-08-20T22:42:49";4.441999999999999
"2010-08-20T22:43:04";4.468999999999999
"2010-08-20T22:43:19";4.523
"2010-08-20T22:43:34";4.55
"2010-08-20T22:43:49";3.765
"2010-08-20T22:44:04";4.1979999999999995
"2010-08-20T22:44:19";4.170999999999999
"2010-08-20T22:44:34";4.0089999999999995
"2010-08-20T22:44:49";3.765
"2010-08-20T22:45:04";2.4099999999999997
"2010-08-20T22:45:19";2.5189999999999997
"2010-08-20T22:45:34";2.167
"2010-08-20T22:45:49";2.465
"2010-08-20T22:46:04";1.787
"2010-08-20T22:46:19";2.194
"2010-08-20T22:46:34";2.058
"2010-08-20T22:46:49";2.5999999999999996
"2010-08-20T22:47:04";3.331
"2010-08-20T22:47:19";3.304
"2010-08-20T22:47:34";3.0879999999999996
"2010-08-20T22:47:49";0.839
"2010-08-20T22:48:04";3.142
"2010-08-20T22:48:19";10.969999999999999
"2010-08-20T22:48:34";2.5999999999999996
"2010-08-20T22:48:49";3.0879999999999996
"2010-08-20T22:49:04";3.3579999999999997
"2010-08-20T22:49:19";3.3859999999999997
"2010-08-20T22:49:34";1.625
"2010-08-20T22:49:49";3.738
"2010-08-20T22:50:04";2.5999999999999996
"2010-08-20T22:50:19";2.654
"2010-08-20T22:50:34";2.7079999999999997
"2010-08-20T22:50:49";2.7079999999999997
"2010-08-20T22:51:05";
"2010-08-20T22:51:20";3.033
"2010-08-20T22:51:35";1.869
"2010-08-20T22:51:50";2.735
"2010-08-20T22:52:05";3.223
"2010-08-20T22:52:20";3.331
"2010-08-20T22:52:35";3.44
"2010-08-20T22:52:50";3.44
"2010-08-20T22:53:05";3.4669999999999996
"2010-08-20T22:53:20";3.2769999999999997
"2010-08-20T22:53:35";3.683
"2010-08-20T22:53:50";3.765
"2010-08-20T22:54:05";3.738
"2010-08-20T22:54:20";3.819
"2010-08-20T22:54:35";3.792
"2010-08-20T22:54:50";3.819
"2010-08-20T22:55:05";3.5479999999999996
"2010-08-20T22:55:20";3.4939999999999998
"2010-08-20T22:55:35";3.4669999999999996
"2010-08-20T22:55:50";1.76
"2010-08-20T22:56:05";4.7940000000000005
"2010-08-20T22:56:20";3.2769999999999997
"2010-08-20T22:56:35";3.44
"2010-08-20T22:56:50";3.4669999999999996
"2010-08-20T22:57:05";3.5479999999999996
"2010-08-20T22:57:20";3.5749999999999997
"2010-08-20T22:57:35";3.656
"2010-08-20T22:57:50";3.1689999999999996
"2010-08-20T22:58:05";3.1689999999999996
"2010-08-20T22:58:20";3.1689999999999996
"2010-08-20T22:58:35";3.8999999999999995
"2010-08-20T22:58:50";3.9269999999999996
"2010-08-20T22:59:05";11.106
"2010-08-20T22:59:20";
"2010-08-20T22:59:35";4.7669999999999995
"2010-08-20T22:59:50";4.55
"2010-08-20T23:00:05";3.5479999999999996
"2010-08-20T23:00:20";3.6289999999999996
"2010-08-20T23:00:35";3.683
"2010-08-20T23:00:50";4.09
"2010-08-20T23:01:05";4.0089999999999995
"2010-08-20T23:01:20";4.0360000000000005
"2010-08-20T23:01:35";2.085
"2010-08-20T23:01:50";3.115
"2010-08-20T23:02:05";3.06
"2010-08-20T23:02:20";2.302
"2010-08-20T23:02:35";2.573
"2010-08-20T23:02:50";2.2209999999999996
"2010-08-20T23:03:05";
"2010-08-20T23:03:20";
"2010-08-20T23:03:35";3.1959999999999997
"2010-08-20T23:03:50";2.627
"2010-08-20T23:04:05";3.3579999999999997
"2010-08-20T23:04:20";
"2010-08-20T23:04:35";2.2209999999999996
"2010-08-20T23:04:50";
"2010-08-20T23:05:05";
"2010-08-20T23:05:20";2.627
"2010-08-20T23:05:35";
"2010-08-20T23:05:50";
"2010-08-20T23:06:05";
"2010-08-20T23:06:20";
"2010-08-20T23:06:35";
"2010-08-20T23:06:50";
"2010-08-20T23:07:05";
"2010-08-20T23:07:20";
"2010-08-20T23:07:35";3.4939999999999998
"2010-08-20T23:07:50";5.417
"2010-08-20T23:08:05";2.8979999999999997
"2010-08-20T23:08:20";1.625
"2010-08-20T23:08:35";0.8929999999999999
"2010-08-20T23:08:50";1.4619999999999997
"2010-08-20T23:09:05";2.2209999999999996
"2010-08-20T23:09:20";2.5999999999999996
"2010-08-20T23:09:35";2.383
"2010-08-20T23:09:50";2.437
"2010-08-20T23:10:05";3.142
"2010-08-20T23:10:20";2.8979999999999997
"2010-08-20T23:10:35";2.844
"2010-08-20T23:10:50";2.7899999999999996
"2010-08-20T23:11:05";3.4669999999999996
"2010-08-20T23:11:20";3.115
"2010-08-20T23:11:35";3.521
"2010-08-20T23:11:50";3.6289999999999996
"2010-08-20T23:12:05";4.0360000000000005
"2010-08-20T23:12:20";3.4939999999999998
"2010-08-20T23:12:35";3.7109999999999994
"2010-08-20T23:12:50";3.4669999999999996
"2010-08-20T23:13:05";3.3579999999999997
"2010-08-20T23:13:20";3.7109999999999994
"2010-08-20T23:13:35";3.981
"2010-08-20T23:13:50";3.792
"2010-08-20T23:14:05";3.6289999999999996
"2010-08-20T23:14:20";3.2769999999999997
"2010-08-20T23:14:35";3.765
"2010-08-20T23:14:50";3.9269999999999996
"2010-08-20T23:15:05";4.0360000000000005
"2010-08-20T23:15:20";4.279
"2010-08-20T23:15:35";13.813999999999998
"2010-08-20T23:15:50";11.702
"2010-08-20T23:16:05";6.88
"2010-08-20T23:16:20";2.654
"2010-08-20T23:16:35";2.925
"2010-08-20T23:16:50";1.625
"2010-08-20T23:17:05";1.4619999999999997
"2010-08-20T23:17:20";1.8139999999999998
"2010-08-20T23:17:35";2.167
"2010-08-20T23:17:50";2.194
"2010-08-20T23:18:05";2.5189999999999997
"2010-08-20T23:18:20";2.2209999999999996
"2010-08-20T23:18:35";2.139
"2010-08-20T23:18:50";2.275
"2010-08-20T23:19:05";2.194
"2010-08-20T23:19:20";3.792
"2010-08-20T23:19:35";2.844
"2010-08-20T23:19:50";3.44
"2010-08-20T23:20:05";2.383
"2010-08-20T23:20:20";2.4099999999999997
"2010-08-20T23:20:35";3.5749999999999997
"2010-08-20T23:20:50";2.356
"2010-08-20T23:21:05";5.417
"2010-08-20T23:21:20";1.246
"2010-08-20T23:21:35";
"2010-08-20T23:21:50";2.4099999999999997
"2010-08-20T23:22:05";3.5749999999999997
"2010-08-20T23:22:20";2.3289999999999997
"2010-08-20T23:22:35";2.871
"2010-08-20T23:22:50";2.139
"2010-08-20T23:23:05";2.492
"2010-08-20T23:23:20";2.5189999999999997
"2010-08-20T23:23:35";2.4099999999999997
"2010-08-20T23:23:50";3.5479999999999996
"2010-08-20T23:24:05";2.139
"2010-08-20T23:24:20";3.223
"2010-08-20T23:24:35";2.735
"2010-08-20T23:24:50";2.681
"2010-08-20T23:25:05";2.654
"2010-08-20T23:25:20";2.7899999999999996
"2010-08-20T23:25:35";3.115
"2010-08-20T23:25:50";3.2769999999999997
"2010-08-20T23:26:05";3.656
"2010-08-20T23:26:20";3.738
"2010-08-20T23:26:35";3.738
"2010-08-20T23:26:50";3.413
"2010-08-20T23:27:05";3.033
"2010-08-20T23:27:20";3.413
"2010-08-20T23:27:35";3.8729999999999998
"2010-08-20T23:27:50";3.981
"2010-08-20T23:28:05";3.954
"2010-08-20T23:28:20";4.0089999999999995
"2010-08-20T23:28:35";4.143999999999999
"2010-08-20T23:28:50";4.2250000000000005
"2010-08-20T23:29:05";4.143999999999999
"2010-08-20T23:29:20";3.6019999999999994
"2010-08-20T23:29:35";0.758
"2010-08-20T23:29:50";
"2010-08-20T23:30:05";
"2010-08-20T23:30:20";
"2010-08-20T23:30:35";
"2010-08-20T23:30:50";8.206999999999999
"2010-08-20T23:31:05";10.51
"2010-08-20T23:31:20";9.67
"2010-08-20T23:31:35";4.875
"2010-08-20T23:31:50";3.7109999999999994
"2010-08-20T23:32:05";3.4939999999999998
"2010-08-20T23:32:20";3.413
"2010-08-20T23:32:35";3.4939999999999998
"2010-08-20T23:32:50";3.4939999999999998
"2010-08-20T23:33:05";4.117
"2010-08-20T23:33:20";4.361
"2010-08-20T23:33:35";4.388
"2010-08-20T23:33:50";4.441999999999999
"2010-08-20T23:34:05";4.361
"2010-08-20T23:34:20";4.415
"2010-08-20T23:34:35";4.441999999999999
"2010-08-20T23:34:50";4.415
"2010-08-20T23:35:05";4.388
"2010-08-20T23:35:20";4.415
"2010-08-20T23:35:35";4.468999999999999
"2010-08-20T23:35:50";4.523
"2010-08-20T23:36:05";3.8459999999999996
"2010-08-20T23:36:20";4.2250000000000005
"2010-08-20T23:36:35";4.117
"2010-08-20T23:36:50";4.143999999999999
"2010-08-20T23:37:05";4.252
"2010-08-20T23:37:20";4.170999999999999
"2010-08-20T23:37:35";4.2250000000000005
"2010-08-20T23:37:50";4.2250000000000005
"2010-08-20T23:38:05";4.170999999999999
"2010-08-20T23:38:20";4.143999999999999
"2010-08-20T23:38:35";4.2250000000000005
"2010-08-20T23:38:50";6.3919999999999995
"2010-08-20T23:39:05";5.768999999999999
"2010-08-20T23:39:20";3.142
"2010-08-20T23:39:35";3.6019999999999994
"2010-08-20T23:39:50";3.738
"2010-08-20T23:40:05";3.8459999999999996
"2010-08-20T23:40:20";3.765
"2010-08-20T23:40:35";3.738
"2010-08-20T23:40:50";4.252
"2010-08-20T23:41:05";4.252
"2010-08-20T23:41:20";4.2250000000000005
"2010-08-20T23:41:35";4.279
"2010-08-20T23:41:50";4.252
"2010-08-20T23:42:05";4.252
"2010-08-20T23:42:20";4.279
"2010-08-20T23:42:35";4.306
"2010-08-20T23:42:50";4.279
"2010-08-20T23:43:05";4.306
"2010-08-20T23:43:20";4.279
"2010-08-20T23:43:35";4.279
"2010-08-20T23:43:50";4.388
"2010-08-20T23:44:05";4.279
"2010-08-20T23:44:20";4.306
"2010-08-20T23:44:35";4.361
"2010-08-20T23:44:50";4.361
"2010-08-20T23:45:05";4.361
"2010-08-20T23:45:20";4.388
"2010-08-20T23:45:35";4.361
"2010-08-20T23:45:50";4.361
"2010-08-20T23:46:05";4.55
"2010-08-20T23:46:20";3.819
"2010-08-20T23:46:35";4.441999999999999
"2010-08-20T23:46:50";3.792
"2010-08-20T23:47:05";4.334
"2010-08-20T23:47:20";6.960999999999999
"2010-08-20T23:47:35";8.722
"2010-08-20T23:47:50";3.8459999999999996
"2010-08-20T23:48:05";3.819
"2010-08-20T23:48:20";4.0089999999999995
"2010-08-20T23:48:35";4.279
"2010-08-20T23:48:50";4.252
"2010-08-20T23:49:05";4.306
"2010-08-20T23:49:20";4.388
"2010-08-20T23:49:35";4.388
"2010-08-20T23:49:50";4.361
"2010-08-20T23:50:05";4.388
"2010-08-20T23:50:20";4.415
"2010-08-20T23:50:35";4.415
"2010-08-20T23:50:50";4.361
"2010-08-20T23:51:05";4.441999999999999
"2010-08-20T23:51:20";4.441999999999999
"2010-08-20T23:51:35";4.415
"2010-08-20T23:51:50";4.415
"2010-08-20T23:52:05";4.468999999999999
"2010-08-20T23:52:20";4.55
"2010-08-20T23:52:35";4.441999999999999
"2010-08-20T23:52:50";4.55
"2010-08-20T23:53:05";4.468999999999999
"2010-08-20T23:53:20";4.577
"2010-08-20T23:53:35";4.4959999999999996
"2010-08-20T23:53:50";4.632
"2010-08-20T23:54:05";4.523
"2010-08-20T23:54:20";4.604
"2010-08-20T23:54:35";10.915999999999999
"2010-08-20T23:54:50";14.626999999999999
"2010-08-20T23:55:05";10.671999999999999
"2010-08-20T23:55:20";3.006
"2010-08-20T23:55:35";3.44
"2010-08-20T23:55:50";3.792
"2010-08-20T23:56:05";3.8729999999999998
"2010-08-20T23:56:20";3.8999999999999995
"2010-08-20T23:56:35";3.954
"2010-08-20T23:56:50";3.738
"2010-08-20T23:57:05";3.656
"2010-08-20T23:57:20";3.683
"2010-08-20T23:57:35";3.44
"2010-08-20T23:57:50";3.4669999999999996
"2010-08-20T23:58:05";3.4669999999999996
"2010-08-20T23:58:20";3.4669999999999996
"2010-08-20T23:58:35";3.4669999999999996
"2010-08-20T23:58:50";3.3579999999999997
"2010-08-20T23:59:05";3.413
"2010-08-20T23:59:20";3.413
"2010-08-20T23:59:35";2.5189999999999997
"2010-08-20T23:59:50";2.952
